Username,Currency,"First name","Last name",E-mail,Country,Advertiser,"VIP Level","Signed up","First deposit","Last deposit date","Wants mail",Deposits,"Deposit count","Average deposit","Approved Withdrawals","Approved Withdrawal count",Credits,"Credit count",Chargebacks,"Chargeback count",Returns,"Return count","Credit reverse","Credit reverse count","Chargeback reverses","Chargeback reverse count","Return reverses","Return reverse count","Casino bonuses","Casino bonus count","Redeemed bonus initial amounts","Redeemed bonus pending winnings","Poker Bonuses","Poker Bonus count","Poker bonus reverses","Casino comps converted","Casino Comps count","Casino progressive share","Casino progressive wins","Casino Bets","Casino Wins","Casino game count","Net Loss",Kiosk,"Kiosk admin","Player realbalance change","Bonus balance change","Declined withdraw requests","Withdraw requests","Transfer deposits","Transfer withdraws","Casino bonuses removed","Old Poker Rakes","Old Poker Tournament Fees","Poker game deposits","Poker game withdrawals","Poker rounding","Poker VIP level","Poker frozen",Frozen,"Poker nickname","Signup skin",Language,Casino,Sportsbook wins,"Sportsbook bets","Sportsbook bonus redemptions","Sportsbook gross income","Sportsbook cancelled bets","House correction revenue","House correction loss","Player correction revenue","Player correction loss","Bingo net gaming","Bingo network adjustments","Bingo redemption expenses","Bingo ingame bet","Bingo ingame win","Backbet wins","Backbet bets","Cancelled Backbet bets","House earnings","Bingo side games progressive bets","Bingo side games prog. contr.","Bingo side games prog. refund","Backbet bets revenue","Received bets from external wallet","Paid wins to external wallet","Poker tokens won","Player balance correction deposit","Player balance correction withdraw","Player and operator revenue correction deposit","Player and operator revenue correction withdraw","Player revenue correction deposit","Player revenue correction withdraw","Bonus parent corrections","Bonus tips","Total tips","Current credit limit","Pool bets","Pool wins","Fundtransfers in","Fundtransfers out","Widget bet","Widget win","Widget cancel bet","Widget fees","Transfers to FOBT","Transfers from FOBT","FOBT bets","FOBT wins","Dormant account fees","Bingo VIP level","Bingo Points","Redeemed cash award/AW award","Binary option bets placed","Binary option bets recognized","Binary option wins","Binary option insured returns","Deposit service fee","Deposit service fee bonus","Paid taxes","Poker SBR Rake","Poker SBR Tournament Fees","Poker RPV Rake","Poker RPV Fees","Redeemed Poker Prewager Bonus","Used poker prewager bonus","Redeemed Poker Cash Bonus","Sportsbook cash-outs","Sportsbook Token wins","SportsBook Opt-ins takings","Redeemed Bingo Pending Winnings","Sportsbook Cash Bet Adjustments","Sportsbook Cash Bets","Sportsbook Cash Payouts","Sportsbook Cancelled Cash Bets","Sportsbook Payouts to Account","Sportsbook Uncollected Payouts","Casino Converted Loyalty Points","Sportsbook Converted Loyalty Points","Poker Converted Loyalty Points","Bingo Converted Loyalty Points","Sportsbook Voucher Bets","Sportsbook Cancelled Voucher Bets","Sportsbook Loyalty Point Bets","Sportsbook Cancelled Loyalty Point Bets","Sportsbook Cash Token Wins","Sportsbook Voided Bets","Sportsbook Voided Cash Bets","Winnings from Cash Purchased Goods"
005PLUAT,CNY,Dafabet,Player,005pluat@dafamember.com,China,defaultmq,16,2017-03-23,"2017-03-23 18:38:15","2017-03-23 18:38:15",1,0.00,0,145.00,29.29,2,0.00,0,0.00,0,0.00,0,0.00,0,0.00,0,0.00,0,0.00,0,0.00,0.00,0.00,0,0.00,0.00,0,0.00,0.00,0.00,0.00,0,0.00,,,-29.29,0.00,0.00,29.29,0.00,0.00,0.00,0.00,0.00,0.00,0.00,0.00,,"Not frozen","Not frozen",,mannycasino,EN,mannycasino,0.00,0.00,0.00,0.00,0.00,0.00,0.00,0.00,0.00,0.00,0.00,0.00,0.00,0.00,0.00,0.00,0.00,0.00,0.00,0.00,0.00,0.00,0.00,0.00,0.00,0.00,0.00,0.00,0.00,0.00,0.00,0.00,0.00,0.00,0.00,0.00,0.00,0.00,0.00,0.00,0.00,0.00,0.00,0.00,0.00,0.00,0.00,0.00,,0,0.00,0.00,0.00,0.00,0.00,0.00,0.00,0.00,0.00,0.00,0.00,0.00,0.00,0.00,0.00,0.00,0.00,0.00,0.00,0.00,0.00,0.00,0.00,0.00,0.00,0.00,0.00,0.00,0.00,0.00,0.00,0.00,0.00,0.00,0.00,0.00,0.00
ABBDUCTED,EUR,Dafabet,Player,abbducted@dafamember.com,Germany,defaultmq,16,2017-05-03,"2017-06-05 21:28:02","2017-06-05 21:28:02",1,2.26,1,2.26,0.00,0,0.00,0,0.00,0,0.00,0,0.00,0,0.00,0,0.00,0,0.00,0,0.00,0.00,0.00,0,0.00,0.00,0,0.00,0.00,0.00,0.00,0,0.00,,,2.26,0.00,0.00,0.00,0.00,0.00,0.00,0.00,0.00,0.00,0.00,0.00,,"Not frozen","Not frozen",,mannycasino,EN,mannycasino,0.00,0.00,0.00,0.00,0.00,0.00,0.00,0.00,0.00,0.00,0.00,0.00,0.00,0.00,0.00,0.00,0.00,0.00,0.00,0.00,0.00,0.00,0.00,0.00,0.00,0.00,0.00,0.00,0.00,0.00,0.00,0.00,0.00,0.00,0.00,0.00,0.00,0.00,0.00,0.00,0.00,0.00,0.00,0.00,0.00,0.00,0.00,0.00,,0,0.00,0.00,0.00,0.00,0.00,0.00,0.00,0.00,0.00,0.00,0.00,0.00,0.00,0.00,0.00,0.00,0.00,0.00,0.00,0.00,0.00,0.00,0.00,0.00,0.00,0.00,0.00,0.00,0.00,0.00,0.00,0.00,0.00,0.00,0.00,0.00,0.00
CASHIERHRA,CNY,Dafabet,Player,cashierhra@dafamember.com,China,defaultmq,16,2017-05-29,"2017-06-06 13:01:09","2017-06-22 13:56:20",1,11.75,8,1.47,0.00,0,0.00,0,0.00,0,0.00,0,0.00,0,0.00,0,0.00,0,0.00,0,0.00,0.00,0.00,0,0.00,0.00,0,0.00,0.00,0.00,0.00,0,0.00,,,11.75,0.00,0.00,0.00,0.00,0.00,0.00,0.00,0.00,0.00,0.00,0.00,,"Not frozen","Not frozen",,mannycasino,EN,mannycasino,0.00,0.00,0.00,0.00,0.00,0.00,0.00,0.00,0.00,0.00,0.00,0.00,0.00,0.00,0.00,0.00,0.00,0.00,0.00,0.00,0.00,0.00,0.00,0.00,0.00,0.00,0.00,0.00,0.00,0.00,0.00,0.00,0.00,0.00,0.00,0.00,0.00,0.00,0.00,0.00,0.00,0.00,0.00,0.00,0.00,0.00,0.00,0.00,,0,0.00,0.00,0.00,0.00,0.00,0.00,0.00,0.00,0.00,0.00,0.00,0.00,0.00,0.00,0.00,0.00,0.00,0.00,0.00,0.00,0.00,0.00,0.00,0.00,0.00,0.00,0.00,0.00,0.00,0.00,0.00,0.00,0.00,0.00,0.00,0.00,0.00
CASHIERTESTTHB,THB,Dafabet,Player,cashiertestthb@dafamember.com,China,defaultmq,16,2017-04-04,"2017-04-05 08:36:37","2017-06-14 11:09:51",1,14.70,1,21.93,0.00,0,0.00,0,0.00,0,0.00,0,0.00,0,0.00,0,0.00,0,0.00,0,0.00,0.00,0.00,0,0.00,0.00,0,0.00,0.00,0.00,0.00,0,0.00,,,14.70,0.00,0.00,0.00,0.00,0.00,0.00,0.00,0.00,0.00,0.00,0.00,,"Not frozen","Not frozen",,mannycasino,EN,mannycasino,0.00,0.00,0.00,0.00,0.00,0.00,0.00,0.00,0.00,0.00,0.00,0.00,0.00,0.00,0.00,0.00,0.00,0.00,0.00,0.00,0.00,0.00,0.00,0.00,0.00,0.00,0.00,0.00,0.00,0.00,0.00,0.00,0.00,0.00,0.00,0.00,0.00,0.00,0.00,0.00,0.00,0.00,0.00,0.00,0.00,0.00,0.00,0.00,,0,0.00,0.00,0.00,0.00,0.00,0.00,0.00,0.00,0.00,0.00,0.00,0.00,0.00,0.00,0.00,0.00,0.00,0.00,0.00,0.00,0.00,0.00,0.00,0.00,0.00,0.00,0.00,0.00,0.00,0.00,0.00,0.00,0.00,0.00,0.00,0.00,0.00
DEVTESTRMB0005,CNY,Dafabet,Player,devtestrmb0005@dafamember.com,China,defaultmq,16,2017-04-20,"2017-04-21 15:32:36","2017-06-16 14:47:15",1,76.54,5,543.46,0.00,0,0.00,0,0.00,0,0.00,0,0.00,0,0.00,0,0.00,0,0.00,0,0.00,0.00,0.00,0,0.00,0.00,0,0.00,0.00,0.00,0.00,0,0.00,,,76.54,0.00,0.00,0.00,0.00,0.00,0.00,0.00,0.00,0.00,0.00,0.00,,"Not frozen","Not frozen",,mannycasino,EN,mannycasino,0.00,0.00,0.00,0.00,0.00,0.00,0.00,0.00,0.00,0.00,0.00,0.00,0.00,0.00,0.00,0.00,0.00,0.00,0.00,0.00,0.00,0.00,0.00,0.00,0.00,0.00,0.00,0.00,0.00,0.00,0.00,0.00,0.00,0.00,0.00,0.00,0.00,0.00,0.00,0.00,0.00,0.00,0.00,0.00,0.00,0.00,0.00,0.00,,0,0.00,0.00,0.00,0.00,0.00,0.00,0.00,0.00,0.00,0.00,0.00,0.00,0.00,0.00,0.00,0.00,0.00,0.00,0.00,0.00,0.00,0.00,0.00,0.00,0.00,0.00,0.00,0.00,0.00,0.00,0.00,0.00,0.00,0.00,0.00,0.00,0.00
DEVUATRMB0002,CNY,Dafabet,Player,devuatrmb0002@dafamember.com,China,defaultmq,16,2017-02-17,"2017-02-17 14:16:26","2017-02-17 14:16:26",1,0.00,0,145.59,9.71,3,0.00,0,0.00,0,0.00,0,0.00,0,0.00,0,0.00,0,0.00,0,0.00,0.00,0.00,0,0.00,0.00,0,0.00,0.00,0.00,0.00,0,0.00,,,-9.71,0.00,0.00,9.71,0.00,0.00,0.00,0.00,0.00,0.00,0.00,0.00,,"Not frozen","Not frozen",,mannycasino,EN,mannycasino,0.00,0.00,0.00,0.00,0.00,0.00,0.00,0.00,0.00,0.00,0.00,0.00,0.00,0.00,0.00,0.00,0.00,0.00,0.00,0.00,0.00,0.00,0.00,0.00,0.00,0.00,0.00,0.00,0.00,0.00,0.00,0.00,0.00,0.00,0.00,0.00,0.00,0.00,0.00,0.00,0.00,0.00,0.00,0.00,0.00,0.00,0.00,0.00,,0,0.00,0.00,0.00,0.00,0.00,0.00,0.00,0.00,0.00,0.00,0.00,0.00,0.00,0.00,0.00,0.00,0.00,0.00,0.00,0.00,0.00,0.00,0.00,0.00,0.00,0.00,0.00,0.00,0.00,0.00,0.00,0.00,0.00,0.00,0.00,0.00,0.00
DEVUSERUSD,EUR,Dafabet,Player,devuserusd@ts1dafamember.com,Poland,defaultmq,16,2016-10-21,,,1,0.00,0,0.00,0.00,0,0.00,0,0.00,0,0.00,0,0.00,0,0.00,0,0.00,0,0.00,0,0.00,0.00,0.00,0,0.00,0.00,0,0.00,0.00,0.00,0.00,0,0.00,,,0.00,0.00,0.00,0.00,0.00,0.00,0.00,0.00,0.00,0.00,0.00,0.00,,"Not frozen","Not frozen",,mannycasino,EN,mannycasino,0.00,0.00,0.00,0.00,0.00,0.00,0.00,0.00,0.00,0.00,0.00,0.00,0.00,0.00,0.00,0.00,0.00,0.00,0.00,0.00,0.00,0.00,0.00,0.00,0.00,0.00,0.00,0.00,0.00,0.00,0.00,0.00,0.00,0.00,0.00,0.00,0.00,0.00,0.00,0.00,0.00,0.00,0.00,0.00,0.00,0.00,0.00,0.00,,0,0.00,0.00,0.00,0.00,0.00,0.00,0.00,0.00,0.00,0.00,0.00,0.00,0.00,0.00,0.00,0.00,0.00,0.00,0.00,0.00,0.00,0.00,0.00,0.00,0.00,0.00,0.00,0.00,0.00,0.00,0.00,0.00,0.00,0.00,0.00,0.00,0.00
FRCONFTEST001,CNY,Dafabet,Player,FRCONFTEST001@stg1dafabet.com,China,defaultmq,17,2016-07-06,"2016-07-06 11:07:03","2016-07-06 11:07:03",1,0.00,0,15.03,2.94,1,0.00,0,0.00,0,0.00,0,0.00,0,0.00,0,0.00,0,0.00,0,0.00,0.00,0.00,0,0.00,0.00,0,0.00,0.00,0.00,0.00,0,0.00,,,-2.94,0.00,0.00,2.94,0.00,0.00,0.00,0.00,0.00,0.00,0.00,0.00,,"Not frozen","Not frozen",,mannycasino,EN,mannycasino,0.00,0.00,0.00,0.00,0.00,0.00,0.00,0.00,0.00,0.00,0.00,0.00,0.00,0.00,0.00,0.00,0.00,0.00,0.00,0.00,0.00,0.00,0.00,0.00,0.00,0.00,0.00,0.00,0.00,0.00,0.00,0.00,0.00,0.00,0.00,0.00,0.00,0.00,0.00,0.00,0.00,0.00,0.00,0.00,0.00,0.00,0.00,0.00,,0,0.00,0.00,0.00,0.00,0.00,0.00,0.00,0.00,0.00,0.00,0.00,0.00,0.00,0.00,0.00,0.00,0.00,0.00,0.00,0.00,0.00,0.00,0.00,0.00,0.00,0.00,0.00,0.00,0.00,0.00,0.00,0.00,0.00,0.00,0.00,0.00,0.00
FRQATESTMACE01,CNY,Dafabet,Player,frqatestmace01@dafamember.com,China,defaultmq,16,2017-06-05,,,1,0.00,0,0.00,0.00,0,0.00,0,0.00,0,0.00,0,0.00,0,0.00,0,0.00,0,146.80,1,0.00,0.00,0.00,0,0.00,0.00,0,0.00,0.00,4.40,5.06,2,-0.66,,,0.66,146.80,0.00,0.00,0.00,0.00,0.00,0.00,0.00,0.00,0.00,0.00,,"Not frozen","Not frozen",,mannycasino,EN,mannycasino,0.00,0.00,0.00,0.00,0.00,0.00,0.00,0.00,0.00,0.00,0.00,0.00,0.00,0.00,0.00,0.00,0.00,-0.66,0.00,0.00,0.00,0.00,0.00,0.00,0.00,0.00,0.00,0.00,0.00,0.00,0.00,0.00,0.00,0.00,0.00,0.00,0.00,0.00,0.00,0.00,0.00,0.00,0.00,0.00,0.00,0.00,0.00,0.00,,0,0.00,0.00,0.00,0.00,0.00,0.00,0.00,0.00,0.00,0.00,0.00,0.00,0.00,0.00,0.00,0.00,0.00,0.00,0.00,0.00,0.00,0.00,0.00,0.00,0.00,0.00,0.00,0.00,0.00,0.00,0.00,0.00,0.00,0.00,0.00,0.00,0.00
GTSSTG01,CNY,Dafabet,Player,gtsstg01@dafamember.com,China,defaultmq,16,2017-06-11,"2017-06-11 00:56:05","2017-06-11 00:56:05",1,147.10,1,147.10,17.65,2,0.00,0,0.00,0,0.00,0,0.00,0,0.00,0,0.00,0,0.00,0,0.00,0.00,0.00,0,0.00,0.00,0,0.00,0.00,0.00,0.00,0,0.00,,,129.45,0.00,0.00,17.65,0.00,0.00,0.00,0.00,0.00,0.00,0.00,0.00,,"Not frozen","Not frozen",,mannycasino,EN,mannycasino,0.00,0.00,0.00,0.00,0.00,0.00,0.00,0.00,0.00,0.00,0.00,0.00,0.00,0.00,0.00,0.00,0.00,0.00,0.00,0.00,0.00,0.00,0.00,0.00,0.00,0.00,0.00,0.00,0.00,0.00,0.00,0.00,0.00,0.00,0.00,0.00,0.00,0.00,0.00,0.00,0.00,0.00,0.00,0.00,0.00,0.00,0.00,0.00,,0,0.00,0.00,0.00,0.00,0.00,0.00,0.00,0.00,0.00,0.00,0.00,0.00,0.00,0.00,0.00,0.00,0.00,0.00,0.00,0.00,0.00,0.00,0.00,0.00,0.00,0.00,0.00,0.00,0.00,0.00,0.00,0.00,0.00,0.00,0.00,0.00,0.00
GTSSTG02,CNY,Dafabet,Player,gtsstg02@dafamember.com,China,defaultmq,16,2017-06-11,"2017-06-11 02:02:05","2017-06-11 02:02:05",1,1470.98,1,1470.98,14.71,1,0.00,0,0.00,0,0.00,0,0.00,0,0.00,0,0.00,0,0.00,0,0.00,0.00,0.00,0,0.00,0.00,0,0.00,0.00,0.00,0.00,0,0.00,,,1456.27,0.00,0.00,14.71,0.00,0.00,0.00,0.00,0.00,0.00,0.00,0.00,,"Not frozen","Not frozen",,mannycasino,EN,mannycasino,0.00,0.00,0.00,0.00,0.00,0.00,0.00,0.00,0.00,0.00,0.00,0.00,0.00,0.00,0.00,0.00,0.00,0.00,0.00,0.00,0.00,0.00,0.00,0.00,0.00,0.00,0.00,0.00,0.00,0.00,0.00,0.00,0.00,0.00,0.00,0.00,0.00,0.00,0.00,0.00,0.00,0.00,0.00,0.00,0.00,0.00,0.00,0.00,,0,0.00,0.00,0.00,0.00,0.00,0.00,0.00,0.00,0.00,0.00,0.00,0.00,0.00,0.00,0.00,0.00,0.00,0.00,0.00,0.00,0.00,0.00,0.00,0.00,0.00,0.00,0.00,0.00,0.00,0.00,0.00,0.00,0.00,0.00,0.00,0.00,0.00
MGLQA112,USD,Dafabet,Player,mglqa112@dafamember.com,China,defaultmq,16,2017-06-06,"2017-06-06 14:40:23","2017-06-06 14:40:23",1,1000.00,1,1000.00,0.00,0,0.00,0,0.00,0,0.00,0,0.00,0,0.00,0,0.00,0,0.00,0,0.00,0.00,0.00,0,0.00,0.00,0,0.00,0.00,0.00,0.00,0,0.00,,,1000.00,0.00,0.00,0.00,0.00,0.00,0.00,0.00,0.00,0.00,0.00,0.00,,"Not frozen","Not frozen",,mannycasino,EN,mannycasino,0.00,0.00,0.00,0.00,0.00,0.00,0.00,0.00,0.00,0.00,0.00,0.00,0.00,0.00,0.00,0.00,0.00,0.00,0.00,0.00,0.00,0.00,0.00,0.00,0.00,0.00,0.00,0.00,0.00,0.00,0.00,0.00,0.00,0.00,0.00,0.00,0.00,0.00,0.00,0.00,0.00,0.00,0.00,0.00,0.00,0.00,0.00,0.00,,0,0.00,0.00,0.00,0.00,0.00,0.00,0.00,0.00,0.00,0.00,0.00,0.00,0.00,0.00,0.00,0.00,0.00,0.00,0.00,0.00,0.00,0.00,0.00,0.00,0.00,0.00,0.00,0.00,0.00,0.00,0.00,0.00,0.00,0.00,0.00,0.00,0.00
MGLSTG47,USD,Dafabet,Player,mglstg47@dafamember.com,"Cocos Islands",defaultmq,16,2017-05-30,"2017-06-06 14:31:05","2017-06-06 14:31:05",1,1000.00,1,1000.00,0.00,0,0.00,0,0.00,0,0.00,0,0.00,0,0.00,0,0.00,0,0.00,0,0.00,0.00,0.00,0,0.00,0.00,0,0.00,0.00,0.00,0.00,0,0.00,,,1000.00,0.00,0.00,0.00,0.00,0.00,0.00,0.00,0.00,0.00,0.00,0.00,,"Not frozen","Not frozen",,mannycasino,EN,mannycasino,0.00,0.00,0.00,0.00,0.00,0.00,0.00,0.00,0.00,0.00,0.00,0.00,0.00,0.00,0.00,0.00,0.00,0.00,0.00,0.00,0.00,0.00,0.00,0.00,0.00,0.00,0.00,0.00,0.00,0.00,0.00,0.00,0.00,0.00,0.00,0.00,0.00,0.00,0.00,0.00,0.00,0.00,0.00,0.00,0.00,0.00,0.00,0.00,,0,0.00,0.00,0.00,0.00,0.00,0.00,0.00,0.00,0.00,0.00,0.00,0.00,0.00,0.00,0.00,0.00,0.00,0.00,0.00,0.00,0.00,0.00,0.00,0.00,0.00,0.00,0.00,0.00,0.00,0.00,0.00,0.00,0.00,0.00,0.00,0.00,0.00
MGLTCT03,USD,Dafabet,Player,mgltct03@dafamember.com,China,defaultmq,16,2017-05-04,"2017-05-04 14:40:39","2017-06-06 14:29:50",1,500.00,1,750.00,0.00,0,0.00,0,0.00,0,0.00,0,0.00,0,0.00,0,0.00,0,0.00,0,0.00,0.00,0.00,0,0.00,0.00,0,0.00,0.00,0.00,0.00,0,0.00,,,500.00,0.00,0.00,0.00,0.00,0.00,0.00,0.00,0.00,0.00,0.00,0.00,,"Not frozen","Not frozen",,mannycasino,EN,mannycasino,0.00,0.00,0.00,0.00,0.00,0.00,0.00,0.00,0.00,0.00,0.00,0.00,0.00,0.00,0.00,0.00,0.00,0.00,0.00,0.00,0.00,0.00,0.00,0.00,0.00,0.00,0.00,0.00,0.00,0.00,0.00,0.00,0.00,0.00,0.00,0.00,0.00,0.00,0.00,0.00,0.00,0.00,0.00,0.00,0.00,0.00,0.00,0.00,,0,0.00,0.00,0.00,0.00,0.00,0.00,0.00,0.00,0.00,0.00,0.00,0.00,0.00,0.00,0.00,0.00,0.00,0.00,0.00,0.00,0.00,0.00,0.00,0.00,0.00,0.00,0.00,0.00,0.00,0.00,0.00,0.00,0.00,0.00,0.00,0.00,0.00
MGLUAT01,USD,Dafabet,Player,mgluat01@dafamember.com,China,defaultmq,16,2017-02-14,"2017-06-06 14:33:47","2017-06-06 14:33:47",1,1000.00,1,1000.00,0.00,0,0.00,0,0.00,0,0.00,0,0.00,0,0.00,0,0.00,0,0.00,0,0.00,0.00,0.00,0,0.00,0.00,0,0.00,0.00,0.00,0.00,0,0.00,,,1000.00,0.00,0.00,0.00,0.00,0.00,0.00,0.00,0.00,0.00,0.00,0.00,,"Not frozen","Not frozen",,mannycasino,EN,mannycasino,0.00,0.00,0.00,0.00,0.00,0.00,0.00,0.00,0.00,0.00,0.00,0.00,0.00,0.00,0.00,0.00,0.00,0.00,0.00,0.00,0.00,0.00,0.00,0.00,0.00,0.00,0.00,0.00,0.00,0.00,0.00,0.00,0.00,0.00,0.00,0.00,0.00,0.00,0.00,0.00,0.00,0.00,0.00,0.00,0.00,0.00,0.00,0.00,,0,0.00,0.00,0.00,0.00,0.00,0.00,0.00,0.00,0.00,0.00,0.00,0.00,0.00,0.00,0.00,0.00,0.00,0.00,0.00,0.00,0.00,0.00,0.00,0.00,0.00,0.00,0.00,0.00,0.00,0.00,0.00,0.00,0.00,0.00,0.00,0.00,0.00
OGSTGRMBPIA,CNY,Dafabet,Player,ogstgrmbpia@dafamember.com,China,defaultmq,16,2017-06-09,"2017-06-09 18:55:59","2017-06-09 18:55:59",1,14.72,1,14.72,0.00,0,0.00,0,0.00,0,0.00,0,0.00,0,0.00,0,0.00,0,0.00,0,0.00,0.00,0.00,0,0.00,0.00,0,0.00,0.00,0.00,0.00,0,0.00,,,14.72,0.00,0.00,0.00,0.00,0.00,0.00,0.00,0.00,0.00,0.00,0.00,,"Not frozen","Not frozen",,mannycasino,EN,mannycasino,0.00,0.00,0.00,0.00,0.00,0.00,0.00,0.00,0.00,0.00,0.00,0.00,0.00,0.00,0.00,0.00,0.00,0.00,0.00,0.00,0.00,0.00,0.00,0.00,0.00,0.00,0.00,0.00,0.00,0.00,0.00,0.00,0.00,0.00,0.00,0.00,0.00,0.00,0.00,0.00,0.00,0.00,0.00,0.00,0.00,0.00,0.00,0.00,,0,0.00,0.00,0.00,0.00,0.00,0.00,0.00,0.00,0.00,0.00,0.00,0.00,0.00,0.00,0.00,0.00,0.00,0.00,0.00,0.00,0.00,0.00,0.00,0.00,0.00,0.00,0.00,0.00,0.00,0.00,0.00,0.00,0.00,0.00,0.00,0.00,0.00
OGSTGRMBPIA2,CNY,Dafabet,Player,ogstgrmbpia2@dafamember.com,China,defaultmq,16,2017-06-09,"2017-06-09 19:12:03","2017-06-09 19:12:03",1,147.19,1,147.19,14.72,1,0.00,0,0.00,0,0.00,0,0.00,0,0.00,0,0.00,0,0.00,0,0.00,0.00,0.00,0,0.00,0.00,0,0.00,0.00,0.00,0.00,0,0.00,,,132.47,0.00,0.00,14.72,0.00,0.00,0.00,0.00,0.00,0.00,0.00,0.00,,"Not frozen","Not frozen",,mannycasino,EN,mannycasino,0.00,0.00,0.00,0.00,0.00,0.00,0.00,0.00,0.00,0.00,0.00,0.00,0.00,0.00,0.00,0.00,0.00,0.00,0.00,0.00,0.00,0.00,0.00,0.00,0.00,0.00,0.00,0.00,0.00,0.00,0.00,0.00,0.00,0.00,0.00,0.00,0.00,0.00,0.00,0.00,0.00,0.00,0.00,0.00,0.00,0.00,0.00,0.00,,0,0.00,0.00,0.00,0.00,0.00,0.00,0.00,0.00,0.00,0.00,0.00,0.00,0.00,0.00,0.00,0.00,0.00,0.00,0.00,0.00,0.00,0.00,0.00,0.00,0.00,0.00,0.00,0.00,0.00,0.00,0.00,0.00,0.00,0.00,0.00,0.00,0.00
OGSTGRMBPIA3,CNY,Dafabet,Player,ogstgrmbpia3@dafamember.com,China,defaultmq,16,2017-06-09,"2017-06-09 19:21:04","2017-06-09 19:21:04",1,147.19,1,147.19,88.31,2,0.00,0,0.00,0,0.00,0,0.00,0,0.00,0,0.00,0,0.00,0,0.00,0.00,0.00,0,0.00,0.00,0,0.00,0.00,0.00,0.00,0,0.00,,,58.88,0.00,0.00,88.31,0.00,0.00,0.00,0.00,0.00,0.00,0.00,0.00,,"Not frozen","Not frozen",,mannycasino,EN,mannycasino,0.00,0.00,0.00,0.00,0.00,0.00,0.00,0.00,0.00,0.00,0.00,0.00,0.00,0.00,0.00,0.00,0.00,0.00,0.00,0.00,0.00,0.00,0.00,0.00,0.00,0.00,0.00,0.00,0.00,0.00,0.00,0.00,0.00,0.00,0.00,0.00,0.00,0.00,0.00,0.00,0.00,0.00,0.00,0.00,0.00,0.00,0.00,0.00,,0,0.00,0.00,0.00,0.00,0.00,0.00,0.00,0.00,0.00,0.00,0.00,0.00,0.00,0.00,0.00,0.00,0.00,0.00,0.00,0.00,0.00,0.00,0.00,0.00,0.00,0.00,0.00,0.00,0.00,0.00,0.00,0.00,0.00,0.00,0.00,0.00,0.00
OGTESTINGRMB01,CNY,Dafabet,Player,ogtestingrmb01@dafamember.com,China,defaultmq,16,2017-03-27,"2017-06-09 15:53:28","2017-06-14 17:51:26",1,121.00,7,17.29,0.00,0,0.00,0,0.00,0,0.00,0,0.00,0,0.00,0,0.00,0,0.00,0,0.00,0.00,0.00,0,0.00,0.00,0,0.00,0.00,0.00,0.00,0,0.00,,,121.00,0.00,0.00,0.00,0.00,0.00,0.00,0.00,0.00,0.00,0.00,0.00,,"Not frozen","Not frozen",,mannycasino,EN,mannycasino,0.00,0.00,0.00,0.00,0.00,0.00,0.00,0.00,0.00,0.00,0.00,0.00,0.00,0.00,0.00,0.00,0.00,0.00,0.00,0.00,0.00,0.00,0.00,0.00,0.00,0.00,0.00,0.00,0.00,0.00,0.00,0.00,0.00,0.00,0.00,0.00,0.00,0.00,0.00,0.00,0.00,0.00,0.00,0.00,0.00,0.00,0.00,0.00,,0,0.00,0.00,0.00,0.00,0.00,0.00,0.00,0.00,0.00,0.00,0.00,0.00,0.00,0.00,0.00,0.00,0.00,0.00,0.00,0.00,0.00,0.00,0.00,0.00,0.00,0.00,0.00,0.00,0.00,0.00,0.00,0.00,0.00,0.00,0.00,0.00,0.00
QAAUTTCTRMBSG02,CNY,Dafabet,Player,qaauttctrmbsg02@dafamember.com,China,defaultmq,18,2017-04-20,"2017-04-20 16:25:07","2017-06-22 07:53:58",1,161.49,55,3.86,135.09,46,0.00,0,0.00,0,0.00,0,0.00,0,0.00,0,0.00,0,0.00,0,0.00,0.00,0.00,0,0.00,0.00,0,0.00,0.00,0.00,0.00,0,0.00,,,26.39,0.00,0.00,135.09,0.00,0.00,0.00,0.00,0.00,0.00,0.00,0.00,,"Not frozen","Not frozen",,mannycasino,EN,mannycasino,0.00,0.00,0.00,0.00,0.00,0.00,0.00,0.00,0.00,0.00,0.00,0.00,0.00,0.00,0.00,0.00,0.00,0.00,0.00,0.00,0.00,0.00,0.00,0.00,0.00,0.00,0.00,0.00,0.00,0.00,0.00,0.00,0.00,0.00,0.00,0.00,0.00,0.00,0.00,0.00,0.00,0.00,0.00,0.00,0.00,0.00,0.00,0.00,,0,0.00,0.00,0.00,0.00,0.00,0.00,0.00,0.00,0.00,0.00,0.00,0.00,0.00,0.00,0.00,0.00,0.00,0.00,0.00,0.00,0.00,0.00,0.00,0.00,0.00,0.00,0.00,0.00,0.00,0.00,0.00,0.00,0.00,0.00,0.00,0.00,0.00
QAAUTTCTRMBSG03,CNY,Dafabet,Player,qaauttctrmbsg03@dafamember.com,China,defaultmq,18,2017-04-20,"2017-04-20 16:26:12","2017-06-06 08:02:35",1,11.70,4,10.41,93.97,32,0.00,0,0.00,0,0.00,0,0.00,0,0.00,0,0.00,0,0.00,0,0.00,0.00,0.00,0,0.00,0.00,0,0.00,0.00,0.00,0.00,0,0.00,,,-82.27,0.00,0.00,93.97,0.00,0.00,0.00,0.00,0.00,0.00,0.00,0.00,,"Not frozen","Not frozen",,mannycasino,EN,mannycasino,0.00,0.00,0.00,0.00,0.00,0.00,0.00,0.00,0.00,0.00,0.00,0.00,0.00,0.00,0.00,0.00,0.00,0.00,0.00,0.00,0.00,0.00,0.00,0.00,0.00,0.00,0.00,0.00,0.00,0.00,0.00,0.00,0.00,0.00,0.00,0.00,0.00,0.00,0.00,0.00,0.00,0.00,0.00,0.00,0.00,0.00,0.00,0.00,,0,0.00,0.00,0.00,0.00,0.00,0.00,0.00,0.00,0.00,0.00,0.00,0.00,0.00,0.00,0.00,0.00,0.00,0.00,0.00,0.00,0.00,0.00,0.00,0.00,0.00,0.00,0.00,0.00,0.00,0.00,0.00,0.00,0.00,0.00,0.00,0.00,0.00
QAAUTTCTRMBSG05,CNY,Dafabet,Player,qaauttctrmbsg05@dafamember.com,China,defaultmq,18,2017-04-20,"2017-04-20 16:29:52","2017-06-14 00:49:01",1,11.78,4,16.32,0.00,0,0.00,0,0.00,0,0.00,0,0.00,0,0.00,0,0.00,0,0.00,0,0.00,0.00,0.00,0,0.00,0.00,0,0.00,0.00,0.00,0.00,0,0.00,,,11.78,0.00,0.00,0.00,0.00,0.00,0.00,0.00,0.00,0.00,0.00,0.00,,"Not frozen","Not frozen",,mannycasino,EN,mannycasino,0.00,0.00,0.00,0.00,0.00,0.00,0.00,0.00,0.00,0.00,0.00,0.00,0.00,0.00,0.00,0.00,0.00,0.00,0.00,0.00,0.00,0.00,0.00,0.00,0.00,0.00,0.00,0.00,0.00,0.00,0.00,0.00,0.00,0.00,0.00,0.00,0.00,0.00,0.00,0.00,0.00,0.00,0.00,0.00,0.00,0.00,0.00,0.00,,0,0.00,0.00,0.00,0.00,0.00,0.00,0.00,0.00,0.00,0.00,0.00,0.00,0.00,0.00,0.00,0.00,0.00,0.00,0.00,0.00,0.00,0.00,0.00,0.00,0.00,0.00,0.00,0.00,0.00,0.00,0.00,0.00,0.00,0.00,0.00,0.00,0.00
QAAUTTCTRMBSG06,CNY,Dafabet,Player,qaauttctrmbsg06@dafamember.com,China,defaultmq,18,2017-04-20,"2017-04-20 16:31:16","2017-05-12 13:20:38",1,0.00,0,725.67,173.43,59,0.00,0,0.00,0,0.00,0,0.00,0,0.00,0,0.00,0,0.00,0,0.00,0.00,0.00,0,0.00,0.00,0,0.00,0.00,0.00,0.00,0,0.00,,,-173.43,0.00,0.00,173.43,0.00,0.00,0.00,0.00,0.00,0.00,0.00,0.00,,"Not frozen","Not frozen",,mannycasino,EN,mannycasino,0.00,0.00,0.00,0.00,0.00,0.00,0.00,0.00,0.00,0.00,0.00,0.00,0.00,0.00,0.00,0.00,0.00,0.00,0.00,0.00,0.00,0.00,0.00,0.00,0.00,0.00,0.00,0.00,0.00,0.00,0.00,0.00,0.00,0.00,0.00,0.00,0.00,0.00,0.00,0.00,0.00,0.00,0.00,0.00,0.00,0.00,0.00,0.00,,0,0.00,0.00,0.00,0.00,0.00,0.00,0.00,0.00,0.00,0.00,0.00,0.00,0.00,0.00,0.00,0.00,0.00,0.00,0.00,0.00,0.00,0.00,0.00,0.00,0.00,0.00,0.00,0.00,0.00,0.00,0.00,0.00,0.00,0.00,0.00,0.00,0.00
QAAUTTCTRMBSG07,CNY,Dafabet,Player,qaauttctrmbsg07@dafamember.com,China,defaultmq,18,2017-04-20,"2017-04-20 16:35:34","2017-06-14 00:59:13",1,11.78,4,20.57,0.00,0,0.00,0,0.00,0,0.00,0,0.00,0,0.00,0,0.00,0,0.00,0,0.00,0.00,0.00,0,0.00,0.00,0,0.00,0.00,0.00,0.00,0,0.00,,,11.78,0.00,0.00,0.00,0.00,0.00,0.00,0.00,0.00,0.00,0.00,0.00,,"Not frozen","Not frozen",,mannycasino,EN,mannycasino,0.00,0.00,0.00,0.00,0.00,0.00,0.00,0.00,0.00,0.00,0.00,0.00,0.00,0.00,0.00,0.00,0.00,0.00,0.00,0.00,0.00,0.00,0.00,0.00,0.00,0.00,0.00,0.00,0.00,0.00,0.00,0.00,0.00,0.00,0.00,0.00,0.00,0.00,0.00,0.00,0.00,0.00,0.00,0.00,0.00,0.00,0.00,0.00,,0,0.00,0.00,0.00,0.00,0.00,0.00,0.00,0.00,0.00,0.00,0.00,0.00,0.00,0.00,0.00,0.00,0.00,0.00,0.00,0.00,0.00,0.00,0.00,0.00,0.00,0.00,0.00,0.00,0.00,0.00,0.00,0.00,0.00,0.00,0.00,0.00,0.00
QAAUTTCTRMBSG09,CNY,Dafabet,Player,qaauttctrmbsg09@dafamember.com,China,defaultmq,18,2017-04-20,"2017-04-20 16:38:32","2017-06-14 01:15:55",1,11.78,4,17.11,0.00,0,0.00,0,0.00,0,0.00,0,0.00,0,0.00,0,0.00,0,0.00,0,0.00,0.00,0.00,0,0.00,0.00,0,0.00,0.00,0.00,0.00,0,0.00,,,11.78,0.00,0.00,0.00,0.00,0.00,0.00,0.00,0.00,0.00,0.00,0.00,,"Not frozen","Not frozen",,mannycasino,EN,mannycasino,0.00,0.00,0.00,0.00,0.00,0.00,0.00,0.00,0.00,0.00,0.00,0.00,0.00,0.00,0.00,0.00,0.00,0.00,0.00,0.00,0.00,0.00,0.00,0.00,0.00,0.00,0.00,0.00,0.00,0.00,0.00,0.00,0.00,0.00,0.00,0.00,0.00,0.00,0.00,0.00,0.00,0.00,0.00,0.00,0.00,0.00,0.00,0.00,,0,0.00,0.00,0.00,0.00,0.00,0.00,0.00,0.00,0.00,0.00,0.00,0.00,0.00,0.00,0.00,0.00,0.00,0.00,0.00,0.00,0.00,0.00,0.00,0.00,0.00,0.00,0.00,0.00,0.00,0.00,0.00,0.00,0.00,0.00,0.00,0.00,0.00
QAAUTTCTRMBSG20,CNY,Dafabet,Player,qaauttctrmbsg20@dafamember.com,China,defaultmq,18,2017-04-20,"2017-04-20 16:41:57","2017-06-22 01:41:26",1,87.93,6,17.82,0.00,0,0.00,0,0.00,0,0.00,0,0.00,0,0.00,0,0.00,0,0.00,0,0.00,0.00,0.00,0,0.00,0.00,0,0.00,0.00,0.00,0.00,0,0.00,,,87.93,0.00,0.00,0.00,0.00,0.00,0.00,0.00,0.00,0.00,0.00,0.00,,"Not frozen","Not frozen",,mannycasino,EN,mannycasino,0.00,0.00,0.00,0.00,0.00,0.00,0.00,0.00,0.00,0.00,0.00,0.00,0.00,0.00,0.00,0.00,0.00,0.00,0.00,0.00,0.00,0.00,0.00,0.00,0.00,0.00,0.00,0.00,0.00,0.00,0.00,0.00,0.00,0.00,0.00,0.00,0.00,0.00,0.00,0.00,0.00,0.00,0.00,0.00,0.00,0.00,0.00,0.00,,0,0.00,0.00,0.00,0.00,0.00,0.00,0.00,0.00,0.00,0.00,0.00,0.00,0.00,0.00,0.00,0.00,0.00,0.00,0.00,0.00,0.00,0.00,0.00,0.00,0.00,0.00,0.00,0.00,0.00,0.00,0.00,0.00,0.00,0.00,0.00,0.00,0.00
QAAUTTCTUSDSG01,USD,Dafabet,Player,qaauttctusdsg01@dafamember.com,China,defaultmq,18,2017-04-20,"2017-04-20 14:26:16","2017-06-21 04:20:17",1,1470.00,98,19.09,1665.00,111,0.00,0,0.00,0,0.00,0,0.00,0,0.00,0,0.00,0,0.00,0,0.00,0.00,0.00,0,0.00,0.00,0,0.00,0.00,0.00,0.00,0,0.00,,,-195.00,0.00,0.00,1665.00,0.00,0.00,0.00,0.00,0.00,0.00,0.00,0.00,,"Not frozen","Not frozen",,mannycasino,EN,mannycasino,0.00,0.00,0.00,0.00,0.00,0.00,0.00,0.00,0.00,0.00,0.00,0.00,0.00,0.00,0.00,0.00,0.00,0.00,0.00,0.00,0.00,0.00,0.00,0.00,0.00,0.00,0.00,0.00,0.00,0.00,0.00,0.00,0.00,0.00,0.00,0.00,0.00,0.00,0.00,0.00,0.00,0.00,0.00,0.00,0.00,0.00,0.00,0.00,,0,0.00,0.00,0.00,0.00,0.00,0.00,0.00,0.00,0.00,0.00,0.00,0.00,0.00,0.00,0.00,0.00,0.00,0.00,0.00,0.00,0.00,0.00,0.00,0.00,0.00,0.00,0.00,0.00,0.00,0.00,0.00,0.00,0.00,0.00,0.00,0.00,0.00
QAAUTTCTUSDSG03,USD,Dafabet,Player,qaauttctusdsg03@dafamember.com,China,defaultmq,18,2017-04-20,"2017-04-20 16:39:56","2017-06-22 01:05:01",1,105.00,7,230.10,0.00,0,0.00,0,0.00,0,0.00,0,0.00,0,0.00,0,0.00,0,0.00,0,0.00,0.00,0.00,0,0.00,0.00,0,0.00,0.00,0.00,0.00,0,0.00,,,105.00,0.00,0.00,0.00,0.00,0.00,0.00,0.00,0.00,0.00,0.00,0.00,,"Not frozen","Not frozen",,mannycasino,EN,mannycasino,0.00,0.00,0.00,0.00,0.00,0.00,0.00,0.00,0.00,0.00,0.00,0.00,0.00,0.00,0.00,0.00,0.00,0.00,0.00,0.00,0.00,0.00,0.00,0.00,0.00,0.00,0.00,0.00,0.00,0.00,0.00,0.00,0.00,0.00,0.00,0.00,0.00,0.00,0.00,0.00,0.00,0.00,0.00,0.00,0.00,0.00,0.00,0.00,,0,0.00,0.00,0.00,0.00,0.00,0.00,0.00,0.00,0.00,0.00,0.00,0.00,0.00,0.00,0.00,0.00,0.00,0.00,0.00,0.00,0.00,0.00,0.00,0.00,0.00,0.00,0.00,0.00,0.00,0.00,0.00,0.00,0.00,0.00,0.00,0.00,0.00
QAAUTTCTUSDSG05,USD,Dafabet,Player,qaauttctusdsg05@dafamember.com,China,defaultmq,18,2017-04-20,"2017-04-20 16:22:56","2017-06-21 06:30:13",1,495.00,33,26.45,495.00,33,0.00,0,0.00,0,0.00,0,0.00,0,0.00,0,0.00,0,0.00,0,0.00,0.00,0.00,0,0.00,0.00,0,0.00,0.00,0.00,0.00,0,0.00,,,0.00,0.00,0.00,495.00,0.00,0.00,0.00,0.00,0.00,0.00,0.00,0.00,,"Not frozen","Not frozen",,mannycasino,EN,mannycasino,0.00,0.00,0.00,0.00,0.00,0.00,0.00,0.00,0.00,0.00,0.00,0.00,0.00,0.00,0.00,0.00,0.00,0.00,0.00,0.00,0.00,0.00,0.00,0.00,0.00,0.00,0.00,0.00,0.00,0.00,0.00,0.00,0.00,0.00,0.00,0.00,0.00,0.00,0.00,0.00,0.00,0.00,0.00,0.00,0.00,0.00,0.00,0.00,,0,0.00,0.00,0.00,0.00,0.00,0.00,0.00,0.00,0.00,0.00,0.00,0.00,0.00,0.00,0.00,0.00,0.00,0.00,0.00,0.00,0.00,0.00,0.00,0.00,0.00,0.00,0.00,0.00,0.00,0.00,0.00,0.00,0.00,0.00,0.00,0.00,0.00
QAAUTTCTUSDSG08,USD,Dafabet,Player,qaauttctusdsg08@dafamember.com,China,defaultmq,18,2017-04-20,"2017-04-20 16:44:13","2017-04-20 16:44:13",1,0.00,0,1000.00,75.00,5,0.00,0,0.00,0,0.00,0,0.00,0,0.00,0,0.00,0,0.00,0,0.00,0.00,0.00,0,0.00,0.00,0,0.00,0.00,0.00,0.00,0,0.00,,,-75.00,0.00,0.00,75.00,0.00,0.00,0.00,0.00,0.00,0.00,0.00,0.00,,"Not frozen","Not frozen",,mannycasino,EN,mannycasino,0.00,0.00,0.00,0.00,0.00,0.00,0.00,0.00,0.00,0.00,0.00,0.00,0.00,0.00,0.00,0.00,0.00,0.00,0.00,0.00,0.00,0.00,0.00,0.00,0.00,0.00,0.00,0.00,0.00,0.00,0.00,0.00,0.00,0.00,0.00,0.00,0.00,0.00,0.00,0.00,0.00,0.00,0.00,0.00,0.00,0.00,0.00,0.00,,0,0.00,0.00,0.00,0.00,0.00,0.00,0.00,0.00,0.00,0.00,0.00,0.00,0.00,0.00,0.00,0.00,0.00,0.00,0.00,0.00,0.00,0.00,0.00,0.00,0.00,0.00,0.00,0.00,0.00,0.00,0.00,0.00,0.00,0.00,0.00,0.00,0.00
QAAUTUAT2RMB01,CNY,Dafabet,Player,qaautuat2rmb01@dafamember.com,China,defaultmq,16,2017-06-06,"2017-06-08 13:14:03","2017-06-08 13:14:03",1,14.71,1,14.71,0.00,0,0.00,0,0.00,0,0.00,0,0.00,0,0.00,0,0.00,0,0.00,0,0.00,0.00,0.00,0,0.00,0.00,0,0.00,0.00,0.00,0.00,0,0.00,,,14.71,0.00,0.00,0.00,0.00,0.00,0.00,0.00,0.00,0.00,0.00,0.00,,"Not frozen","Not frozen",,mannycasino,EN,mannycasino,0.00,0.00,0.00,0.00,0.00,0.00,0.00,0.00,0.00,0.00,0.00,0.00,0.00,0.00,0.00,0.00,0.00,0.00,0.00,0.00,0.00,0.00,0.00,0.00,0.00,0.00,0.00,0.00,0.00,0.00,0.00,0.00,0.00,0.00,0.00,0.00,0.00,0.00,0.00,0.00,0.00,0.00,0.00,0.00,0.00,0.00,0.00,0.00,,0,0.00,0.00,0.00,0.00,0.00,0.00,0.00,0.00,0.00,0.00,0.00,0.00,0.00,0.00,0.00,0.00,0.00,0.00,0.00,0.00,0.00,0.00,0.00,0.00,0.00,0.00,0.00,0.00,0.00,0.00,0.00,0.00,0.00,0.00,0.00,0.00,0.00
QAAUTUAT2RMB03,CNY,Dafabet,Player,qaautuat2rmb03@dafamember.com,China,defaultmq,16,2017-06-06,"2017-06-08 13:11:27","2017-06-08 13:36:45",1,3.23,2,1.62,0.40,1,0.00,0,0.00,0,0.00,0,0.00,0,0.00,0,0.00,0,0.00,0,0.00,0.00,0.00,0,0.00,0.00,0,0.00,0.00,0.00,0.00,0,0.00,,,2.83,0.00,0.00,0.40,0.00,0.00,0.00,0.00,0.00,0.00,0.00,0.00,,"Not frozen","Not frozen",,mannycasino,EN,mannycasino,0.00,0.00,0.00,0.00,0.00,0.00,0.00,0.00,0.00,0.00,0.00,0.00,0.00,0.00,0.00,0.00,0.00,0.00,0.00,0.00,0.00,0.00,0.00,0.00,0.00,0.00,0.00,0.00,0.00,0.00,0.00,0.00,0.00,0.00,0.00,0.00,0.00,0.00,0.00,0.00,0.00,0.00,0.00,0.00,0.00,0.00,0.00,0.00,,0,0.00,0.00,0.00,0.00,0.00,0.00,0.00,0.00,0.00,0.00,0.00,0.00,0.00,0.00,0.00,0.00,0.00,0.00,0.00,0.00,0.00,0.00,0.00,0.00,0.00,0.00,0.00,0.00,0.00,0.00,0.00,0.00,0.00,0.00,0.00,0.00,0.00
QAAUTUAT2USD02,USD,Dafabet,Player,qaautuat2usd02@dafamember.com,China,defaultmq,16,2017-06-06,"2017-06-06 14:21:30","2017-06-06 14:21:30",1,50.00,1,50.00,16.00,2,0.00,0,0.00,0,0.00,0,0.00,0,0.00,0,0.00,0,0.00,0,0.00,0.00,0.00,0,0.00,0.00,0,0.00,0.00,0.00,0.00,0,0.00,,,34.00,0.00,0.00,16.00,0.00,0.00,0.00,0.00,0.00,0.00,0.00,0.00,,"Not frozen","Not frozen",,mannycasino,EN,mannycasino,0.00,0.00,0.00,0.00,0.00,0.00,0.00,0.00,0.00,0.00,0.00,0.00,0.00,0.00,0.00,0.00,0.00,0.00,0.00,0.00,0.00,0.00,0.00,0.00,0.00,0.00,0.00,0.00,0.00,0.00,0.00,0.00,0.00,0.00,0.00,0.00,0.00,0.00,0.00,0.00,0.00,0.00,0.00,0.00,0.00,0.00,0.00,0.00,,0,0.00,0.00,0.00,0.00,0.00,0.00,0.00,0.00,0.00,0.00,0.00,0.00,0.00,0.00,0.00,0.00,0.00,0.00,0.00,0.00,0.00,0.00,0.00,0.00,0.00,0.00,0.00,0.00,0.00,0.00,0.00,0.00,0.00,0.00,0.00,0.00,0.00
QAAUTUATRMB001,CNY,Dafabet,Player,qaautuatrmb001@dafamember.com,China,defaultmq,16,2017-06-05,"2017-06-05 11:34:03","2017-06-05 11:34:03",1,14.68,1,14.68,0.00,0,0.00,0,0.00,0,0.00,0,0.00,0,0.00,0,0.00,0,0.00,0,0.00,0.00,0.00,0,0.00,0.00,0,0.00,0.00,0.00,0.00,0,0.00,,,14.68,0.00,0.00,0.00,0.00,0.00,0.00,0.00,0.00,0.00,0.00,0.00,,"Not frozen","Not frozen",,mannycasino,EN,mannycasino,0.00,0.00,0.00,0.00,0.00,0.00,0.00,0.00,0.00,0.00,0.00,0.00,0.00,0.00,0.00,0.00,0.00,0.00,0.00,0.00,0.00,0.00,0.00,0.00,0.00,0.00,0.00,0.00,0.00,0.00,0.00,0.00,0.00,0.00,0.00,0.00,0.00,0.00,0.00,0.00,0.00,0.00,0.00,0.00,0.00,0.00,0.00,0.00,,0,0.00,0.00,0.00,0.00,0.00,0.00,0.00,0.00,0.00,0.00,0.00,0.00,0.00,0.00,0.00,0.00,0.00,0.00,0.00,0.00,0.00,0.00,0.00,0.00,0.00,0.00,0.00,0.00,0.00,0.00,0.00,0.00,0.00,0.00,0.00,0.00,0.00
QAAUTUATRMB002,CNY,Dafabet,Player,qaautuatrmb002@dafamember.com,China,defaultmq,18,2017-06-05,"2017-06-05 17:18:54","2017-06-08 13:14:29",1,23.50,4,5.87,0.00,0,0.00,0,0.00,0,0.00,0,0.00,0,0.00,0,0.00,0,0.00,0,0.00,0.00,0.00,0,0.00,0.00,0,0.00,0.00,0.00,0.00,0,0.00,,,23.50,0.00,0.00,0.00,0.00,0.00,0.00,0.00,0.00,0.00,0.00,0.00,,"Not frozen","Not frozen",,mannycasino,EN,mannycasino,0.00,0.00,0.00,0.00,0.00,0.00,0.00,0.00,0.00,0.00,0.00,0.00,0.00,0.00,0.00,0.00,0.00,0.00,0.00,0.00,0.00,0.00,0.00,0.00,0.00,0.00,0.00,0.00,0.00,0.00,0.00,0.00,0.00,0.00,0.00,0.00,0.00,0.00,0.00,0.00,0.00,0.00,0.00,0.00,0.00,0.00,0.00,0.00,,0,0.00,0.00,0.00,0.00,0.00,0.00,0.00,0.00,0.00,0.00,0.00,0.00,0.00,0.00,0.00,0.00,0.00,0.00,0.00,0.00,0.00,0.00,0.00,0.00,0.00,0.00,0.00,0.00,0.00,0.00,0.00,0.00,0.00,0.00,0.00,0.00,0.00
QAAUTUATRMB004,CNY,Dafabet,Player,qaautuatrmb004@dafamember.com,China,defaultmq,16,2017-06-05,"2017-06-05 13:12:28","2017-06-05 18:00:40",1,6.45,4,1.61,0.40,1,0.00,0,0.00,0,0.00,0,0.00,0,0.00,0,0.00,0,0.00,0,0.00,0.00,0.00,0,0.00,0.00,0,0.00,0.00,0.00,0.00,0,0.00,,,6.05,0.00,0.00,0.40,0.00,0.00,0.00,0.00,0.00,0.00,0.00,0.00,,"Not frozen","Not frozen",,mannycasino,EN,mannycasino,0.00,0.00,0.00,0.00,0.00,0.00,0.00,0.00,0.00,0.00,0.00,0.00,0.00,0.00,0.00,0.00,0.00,0.00,0.00,0.00,0.00,0.00,0.00,0.00,0.00,0.00,0.00,0.00,0.00,0.00,0.00,0.00,0.00,0.00,0.00,0.00,0.00,0.00,0.00,0.00,0.00,0.00,0.00,0.00,0.00,0.00,0.00,0.00,,0,0.00,0.00,0.00,0.00,0.00,0.00,0.00,0.00,0.00,0.00,0.00,0.00,0.00,0.00,0.00,0.00,0.00,0.00,0.00,0.00,0.00,0.00,0.00,0.00,0.00,0.00,0.00,0.00,0.00,0.00,0.00,0.00,0.00,0.00,0.00,0.00,0.00
QAAUTUATUSD003,USD,Dafabet,Player,qaautuatusd003@dafamember.com,China,defaultmq,16,2017-06-05,"2017-06-05 09:54:47","2017-06-07 08:23:06",1,1140.00,7,162.86,105.00,7,0.00,0,0.00,0,0.00,0,0.00,0,0.00,0,0.00,0,0.00,0,0.00,0.00,0.00,0,0.00,0.00,0,0.00,0.00,0.00,0.00,0,0.00,,,1035.00,0.00,0.00,105.00,0.00,0.00,0.00,0.00,0.00,0.00,0.00,0.00,,"Not frozen","Not frozen",,mannycasino,EN,mannycasino,0.00,0.00,0.00,0.00,0.00,0.00,0.00,0.00,0.00,0.00,0.00,0.00,0.00,0.00,0.00,0.00,0.00,0.00,0.00,0.00,0.00,0.00,0.00,0.00,0.00,0.00,0.00,0.00,0.00,0.00,0.00,0.00,0.00,0.00,0.00,0.00,0.00,0.00,0.00,0.00,0.00,0.00,0.00,0.00,0.00,0.00,0.00,0.00,,0,0.00,0.00,0.00,0.00,0.00,0.00,0.00,0.00,0.00,0.00,0.00,0.00,0.00,0.00,0.00,0.00,0.00,0.00,0.00,0.00,0.00,0.00,0.00,0.00,0.00,0.00,0.00,0.00,0.00,0.00,0.00,0.00,0.00,0.00,0.00,0.00,0.00
QAKEVDAFA36,CNY,Dafabet,Player,qakevdafa36@dafamember.com,China,defaultmq,16,2017-06-14,"2017-06-14 15:28:44","2017-06-14 15:28:44",1,4.42,1,4.42,0.00,0,0.00,0,0.00,0,0.00,0,0.00,0,0.00,0,0.00,0,0.00,0,0.00,0.00,0.00,0,0.00,0.00,0,0.00,0.00,0.00,0.00,0,0.00,,,4.42,0.00,0.00,0.00,0.00,0.00,0.00,0.00,0.00,0.00,0.00,0.00,,"Not frozen","Not frozen",,mannycasino,EN,mannycasino,0.00,0.00,0.00,0.00,0.00,0.00,0.00,0.00,0.00,0.00,0.00,0.00,0.00,0.00,0.00,0.00,0.00,0.00,0.00,0.00,0.00,0.00,0.00,0.00,0.00,0.00,0.00,0.00,0.00,0.00,0.00,0.00,0.00,0.00,0.00,0.00,0.00,0.00,0.00,0.00,0.00,0.00,0.00,0.00,0.00,0.00,0.00,0.00,,0,0.00,0.00,0.00,0.00,0.00,0.00,0.00,0.00,0.00,0.00,0.00,0.00,0.00,0.00,0.00,0.00,0.00,0.00,0.00,0.00,0.00,0.00,0.00,0.00,0.00,0.00,0.00,0.00,0.00,0.00,0.00,0.00,0.00,0.00,0.00,0.00,0.00
QAKEVDAFA362,CNY,Dafabet,Player,qakevdafa362@dafamember.com,China,defaultmq,16,2017-06-14,"2017-06-14 16:16:26","2017-06-14 16:16:26",1,7.36,1,7.36,2.94,1,0.00,0,0.00,0,0.00,0,0.00,0,0.00,0,0.00,0,0.00,0,0.00,0.00,0.00,0,0.00,0.00,0,0.00,0.00,0.00,0.00,0,0.00,,,4.42,0.00,0.00,2.94,0.00,0.00,0.00,0.00,0.00,0.00,0.00,0.00,,"Not frozen","Not frozen",,mannycasino,EN,mannycasino,0.00,0.00,0.00,0.00,0.00,0.00,0.00,0.00,0.00,0.00,0.00,0.00,0.00,0.00,0.00,0.00,0.00,0.00,0.00,0.00,0.00,0.00,0.00,0.00,0.00,0.00,0.00,0.00,0.00,0.00,0.00,0.00,0.00,0.00,0.00,0.00,0.00,0.00,0.00,0.00,0.00,0.00,0.00,0.00,0.00,0.00,0.00,0.00,,0,0.00,0.00,0.00,0.00,0.00,0.00,0.00,0.00,0.00,0.00,0.00,0.00,0.00,0.00,0.00,0.00,0.00,0.00,0.00,0.00,0.00,0.00,0.00,0.00,0.00,0.00,0.00,0.00,0.00,0.00,0.00,0.00,0.00,0.00,0.00,0.00,0.00
QASTAGINRPM001,INR,Dafabet,Player,qastaginrpm001@dafamember.com,China,defaultmq,16,2017-06-09,"2017-06-09 15:35:23","2017-06-09 15:35:23",1,15540.84,1,15540.84,4.66,1,0.00,0,0.00,0,0.00,0,0.00,0,0.00,0,0.00,0,0.00,0,0.00,0.00,0.00,0,0.00,0.00,0,0.00,0.00,0.00,0.00,0,0.00,,,15536.17,0.00,0.00,4.66,0.00,0.00,0.00,0.00,0.00,0.00,0.00,0.00,,"Not frozen","Not frozen",,mannycasino,EN,mannycasino,0.00,0.00,0.00,0.00,0.00,0.00,0.00,0.00,0.00,0.00,0.00,0.00,0.00,0.00,0.00,0.00,0.00,0.00,0.00,0.00,0.00,0.00,0.00,0.00,0.00,0.00,0.00,0.00,0.00,0.00,0.00,0.00,0.00,0.00,0.00,0.00,0.00,0.00,0.00,0.00,0.00,0.00,0.00,0.00,0.00,0.00,0.00,0.00,,0,0.00,0.00,0.00,0.00,0.00,0.00,0.00,0.00,0.00,0.00,0.00,0.00,0.00,0.00,0.00,0.00,0.00,0.00,0.00,0.00,0.00,0.00,0.00,0.00,0.00,0.00,0.00,0.00,0.00,0.00,0.00,0.00,0.00,0.00,0.00,0.00,0.00
QASTAGMYRPM004,MYR,Dafabet,Player,qastagmyrpm004@dafamember.com,Malaysia,defaultmq,16,2017-06-09,"2017-06-09 15:15:50","2017-06-09 15:15:50",1,117260.79,1,117260.79,11.73,1,0.00,0,0.00,0,0.00,0,0.00,0,0.00,0,0.00,0,0.00,0,0.00,0.00,0.00,0,0.00,0.00,0,0.00,0.00,0.00,0.00,0,0.00,,,117249.06,0.00,0.00,11.73,0.00,0.00,0.00,0.00,0.00,0.00,0.00,0.00,,"Not frozen","Not frozen",,mannycasino,EN,mannycasino,0.00,0.00,0.00,0.00,0.00,0.00,0.00,0.00,0.00,0.00,0.00,0.00,0.00,0.00,0.00,0.00,0.00,0.00,0.00,0.00,0.00,0.00,0.00,0.00,0.00,0.00,0.00,0.00,0.00,0.00,0.00,0.00,0.00,0.00,0.00,0.00,0.00,0.00,0.00,0.00,0.00,0.00,0.00,0.00,0.00,0.00,0.00,0.00,,0,0.00,0.00,0.00,0.00,0.00,0.00,0.00,0.00,0.00,0.00,0.00,0.00,0.00,0.00,0.00,0.00,0.00,0.00,0.00,0.00,0.00,0.00,0.00,0.00,0.00,0.00,0.00,0.00,0.00,0.00,0.00,0.00,0.00,0.00,0.00,0.00,0.00
QASTAGMYRPM005,MYR,Dafabet,Player,qastagmyrpm005@dafamember.com,Thailand,defaultmq,16,2017-06-09,"2017-06-09 16:09:22","2017-06-09 16:09:22",1,23452.16,1,23452.16,11.73,1,0.00,0,0.00,0,0.00,0,0.00,0,0.00,0,0.00,0,0.00,0,0.00,0.00,0.00,0,0.00,0.00,0,0.00,0.00,0.00,0.00,0,0.00,,,23440.43,0.00,0.00,11.73,0.00,0.00,0.00,0.00,0.00,0.00,0.00,0.00,,"Not frozen","Not frozen",,mannycasino,EN,mannycasino,0.00,0.00,0.00,0.00,0.00,0.00,0.00,0.00,0.00,0.00,0.00,0.00,0.00,0.00,0.00,0.00,0.00,0.00,0.00,0.00,0.00,0.00,0.00,0.00,0.00,0.00,0.00,0.00,0.00,0.00,0.00,0.00,0.00,0.00,0.00,0.00,0.00,0.00,0.00,0.00,0.00,0.00,0.00,0.00,0.00,0.00,0.00,0.00,,0,0.00,0.00,0.00,0.00,0.00,0.00,0.00,0.00,0.00,0.00,0.00,0.00,0.00,0.00,0.00,0.00,0.00,0.00,0.00,0.00,0.00,0.00,0.00,0.00,0.00,0.00,0.00,0.00,0.00,0.00,0.00,0.00,0.00,0.00,0.00,0.00,0.00
QASTAGRMBJB00,CNY,Dafabet,Player,qastagrmbjb00@dafamember.com,China,defaultmq,16,2017-06-15,"2017-06-15 17:35:18","2017-06-19 14:14:52",1,75.46,4,18.87,2.79,8,0.00,0,0.00,0,0.00,0,0.00,0,0.00,0,0.00,0,0.00,0,0.00,0.00,0.00,0,0.00,0.00,0,0.00,0.00,0.00,0.00,0,0.00,,,72.67,0.00,0.00,2.79,0.00,0.00,0.00,0.00,0.00,0.00,0.00,0.00,,"Not frozen","Not frozen",,mannycasino,EN,mannycasino,0.00,0.00,0.00,0.00,0.00,0.00,0.00,0.00,0.00,0.00,0.00,0.00,0.00,0.00,0.00,0.00,0.00,0.00,0.00,0.00,0.00,0.00,0.00,0.00,0.00,0.00,0.00,0.00,0.00,0.00,0.00,0.00,0.00,0.00,0.00,0.00,0.00,0.00,0.00,0.00,0.00,0.00,0.00,0.00,0.00,0.00,0.00,0.00,,0,0.00,0.00,0.00,0.00,0.00,0.00,0.00,0.00,0.00,0.00,0.00,0.00,0.00,0.00,0.00,0.00,0.00,0.00,0.00,0.00,0.00,0.00,0.00,0.00,0.00,0.00,0.00,0.00,0.00,0.00,0.00,0.00,0.00,0.00,0.00,0.00,0.00
QASTAGRMBPM001,CNY,Dafabet,Player,qastagrmbpm001@dafamember.com,China,defaultmq,16,2017-06-09,"2017-06-09 13:29:34","2017-06-09 13:29:34",1,147.19,1,147.19,0.66,2,0.00,0,0.00,0,0.00,0,0.00,0,0.00,0,0.00,0,0.00,0,0.00,0.00,0.00,0,0.00,0.00,0,0.00,0.00,0.00,0.00,0,0.00,,,146.53,0.00,0.00,0.66,0.00,0.00,0.00,0.00,0.00,0.00,0.00,0.00,,"Not frozen","Not frozen",,mannycasino,EN,mannycasino,0.00,0.00,0.00,0.00,0.00,0.00,0.00,0.00,0.00,0.00,0.00,0.00,0.00,0.00,0.00,0.00,0.00,0.00,0.00,0.00,0.00,0.00,0.00,0.00,0.00,0.00,0.00,0.00,0.00,0.00,0.00,0.00,0.00,0.00,0.00,0.00,0.00,0.00,0.00,0.00,0.00,0.00,0.00,0.00,0.00,0.00,0.00,0.00,,0,0.00,0.00,0.00,0.00,0.00,0.00,0.00,0.00,0.00,0.00,0.00,0.00,0.00,0.00,0.00,0.00,0.00,0.00,0.00,0.00,0.00,0.00,0.00,0.00,0.00,0.00,0.00,0.00,0.00,0.00,0.00,0.00,0.00,0.00,0.00,0.00,0.00
QASTAGRMBPM002,CNY,Dafabet,Player,qastagrmbpm002@dafamember.com,Thailand,defaultmq,16,2017-06-09,"2017-06-09 14:06:50","2017-06-09 14:06:50",1,73595.43,1,73595.43,0.29,1,0.00,0,0.00,0,0.00,0,0.00,0,0.00,0,0.00,0,0.00,0,0.00,0.00,0.00,0,0.00,0.00,0,0.00,0.00,0.00,0.00,0,0.00,,,73595.14,0.00,0.00,0.29,0.00,0.00,0.00,0.00,0.00,0.00,0.00,0.00,,"Not frozen","Not frozen",,mannycasino,EN,mannycasino,0.00,0.00,0.00,0.00,0.00,0.00,0.00,0.00,0.00,0.00,0.00,0.00,0.00,0.00,0.00,0.00,0.00,0.00,0.00,0.00,0.00,0.00,0.00,0.00,0.00,0.00,0.00,0.00,0.00,0.00,0.00,0.00,0.00,0.00,0.00,0.00,0.00,0.00,0.00,0.00,0.00,0.00,0.00,0.00,0.00,0.00,0.00,0.00,,0,0.00,0.00,0.00,0.00,0.00,0.00,0.00,0.00,0.00,0.00,0.00,0.00,0.00,0.00,0.00,0.00,0.00,0.00,0.00,0.00,0.00,0.00,0.00,0.00,0.00,0.00,0.00,0.00,0.00,0.00,0.00,0.00,0.00,0.00,0.00,0.00,0.00
QASTAGRMBPM003,CNY,Dafabet,Player,qastagrmbpm003@dafamember.com,China,defaultmq,17,2017-06-16,"2017-06-16 16:15:11","2017-06-22 14:18:17",1,1620.20,3,540.07,148.25,10,0.00,0,0.00,0,0.00,0,0.00,0,0.00,0,0.00,0,0.00,0,0.00,0.00,0.00,0,0.00,0.00,0,0.00,0.00,0.00,0.00,0,0.00,,,1471.94,0.00,0.00,148.25,0.00,0.00,0.00,0.00,0.00,0.00,0.00,0.00,,"Not frozen","Not frozen",,mannycasino,EN,mannycasino,0.00,0.00,0.00,0.00,0.00,0.00,0.00,0.00,0.00,0.00,0.00,0.00,0.00,0.00,0.00,0.00,0.00,0.00,0.00,0.00,0.00,0.00,0.00,0.00,0.00,0.00,0.00,0.00,0.00,0.00,0.00,0.00,0.00,0.00,0.00,0.00,0.00,0.00,0.00,0.00,0.00,0.00,0.00,0.00,0.00,0.00,0.00,0.00,,0,0.00,0.00,0.00,0.00,0.00,0.00,0.00,0.00,0.00,0.00,0.00,0.00,0.00,0.00,0.00,0.00,0.00,0.00,0.00,0.00,0.00,0.00,0.00,0.00,0.00,0.00,0.00,0.00,0.00,0.00,0.00,0.00,0.00,0.00,0.00,0.00,0.00
QASTAGTHBPM001,THB,Dafabet,Player,qastagthbpm001@dafamember.com,China,defaultmq,16,2017-06-09,"2017-06-09 15:21:34","2017-06-09 15:21:34",1,2945.59,1,2945.59,14.73,1,0.00,0,0.00,0,0.00,0,0.00,0,0.00,0,0.00,0,0.00,0,0.00,0.00,0.00,0,0.00,0.00,0,0.00,0.00,0.00,0.00,0,0.00,,,2930.87,0.00,0.00,14.73,0.00,0.00,0.00,0.00,0.00,0.00,0.00,0.00,,"Not frozen","Not frozen",,mannycasino,EN,mannycasino,0.00,0.00,0.00,0.00,0.00,0.00,0.00,0.00,0.00,0.00,0.00,0.00,0.00,0.00,0.00,0.00,0.00,0.00,0.00,0.00,0.00,0.00,0.00,0.00,0.00,0.00,0.00,0.00,0.00,0.00,0.00,0.00,0.00,0.00,0.00,0.00,0.00,0.00,0.00,0.00,0.00,0.00,0.00,0.00,0.00,0.00,0.00,0.00,,0,0.00,0.00,0.00,0.00,0.00,0.00,0.00,0.00,0.00,0.00,0.00,0.00,0.00,0.00,0.00,0.00,0.00,0.00,0.00,0.00,0.00,0.00,0.00,0.00,0.00,0.00,0.00,0.00,0.00,0.00,0.00,0.00,0.00,0.00,0.00,0.00,0.00
QASTAGUSDPM001,USD,Dafabet,Player,qastagusdpm001@dafamember.com,Russia,defaultmq,16,2017-06-09,"2017-06-09 16:00:28","2017-06-09 16:00:28",1,100000.00,1,100000.00,100.00,1,0.00,0,0.00,0,0.00,0,0.00,0,0.00,0,0.00,0,0.00,0,0.00,0.00,0.00,0,0.00,0.00,0,0.00,0.00,0.00,0.00,0,0.00,,,99900.00,0.00,0.00,100.00,0.00,0.00,0.00,0.00,0.00,0.00,0.00,0.00,,"Not frozen","Not frozen",,mannycasino,EN,mannycasino,0.00,0.00,0.00,0.00,0.00,0.00,0.00,0.00,0.00,0.00,0.00,0.00,0.00,0.00,0.00,0.00,0.00,0.00,0.00,0.00,0.00,0.00,0.00,0.00,0.00,0.00,0.00,0.00,0.00,0.00,0.00,0.00,0.00,0.00,0.00,0.00,0.00,0.00,0.00,0.00,0.00,0.00,0.00,0.00,0.00,0.00,0.00,0.00,,0,0.00,0.00,0.00,0.00,0.00,0.00,0.00,0.00,0.00,0.00,0.00,0.00,0.00,0.00,0.00,0.00,0.00,0.00,0.00,0.00,0.00,0.00,0.00,0.00,0.00,0.00,0.00,0.00,0.00,0.00,0.00,0.00,0.00,0.00,0.00,0.00,0.00
QASTAGVNDPM002,VND,Dafabet,Player,qastagvndpm002@dafamember.com,Thailand,defaultmq,16,2017-06-09,"2017-06-09 16:23:24","2017-06-09 16:23:24",0,8.91,1,8.91,0.00,0,0.00,0,0.00,0,0.00,0,0.00,0,0.00,0,0.00,0,0.00,0,0.00,0.00,0.00,0,0.00,0.00,0,0.00,0.00,0.00,0.00,0,0.00,,,8.91,0.00,0.00,0.00,0.00,0.00,0.00,0.00,0.00,0.00,0.00,0.00,,"Not frozen","Not frozen",,mannycasino,CH,mannycasino,0.00,0.00,0.00,0.00,0.00,0.00,0.00,0.00,0.00,0.00,0.00,0.00,0.00,0.00,0.00,0.00,0.00,0.00,0.00,0.00,0.00,0.00,0.00,0.00,0.00,0.00,0.00,0.00,0.00,0.00,0.00,0.00,0.00,0.00,0.00,0.00,0.00,0.00,0.00,0.00,0.00,0.00,0.00,0.00,0.00,0.00,0.00,0.00,,0,0.00,0.00,0.00,0.00,0.00,0.00,0.00,0.00,0.00,0.00,0.00,0.00,0.00,0.00,0.00,0.00,0.00,0.00,0.00,0.00,0.00,0.00,0.00,0.00,0.00,0.00,0.00,0.00,0.00,0.00,0.00,0.00,0.00,0.00,0.00,0.00,0.00
QASTGCPSMYR23,MYR,Dafabet,Player,qastgcpsmyr23@dafamember.com,Malaysia,defaultmq,16,2017-06-01,"2017-06-06 12:40:58","2017-06-06 12:40:58",1,46.76,1,46.76,46.76,1,0.00,0,0.00,0,0.00,0,0.00,0,0.00,0,0.00,0,0.00,0,0.00,0.00,0.00,0,0.00,0.00,0,0.00,0.00,0.00,0.00,0,0.00,,,0.00,0.00,0.00,46.76,0.00,0.00,0.00,0.00,0.00,0.00,0.00,0.00,,"Not frozen","Not frozen",,mannycasino,EN,mannycasino,0.00,0.00,0.00,0.00,0.00,0.00,0.00,0.00,0.00,0.00,0.00,0.00,0.00,0.00,0.00,0.00,0.00,0.00,0.00,0.00,0.00,0.00,0.00,0.00,0.00,0.00,0.00,0.00,0.00,0.00,0.00,0.00,0.00,0.00,0.00,0.00,0.00,0.00,0.00,0.00,0.00,0.00,0.00,0.00,0.00,0.00,0.00,0.00,,0,0.00,0.00,0.00,0.00,0.00,0.00,0.00,0.00,0.00,0.00,0.00,0.00,0.00,0.00,0.00,0.00,0.00,0.00,0.00,0.00,0.00,0.00,0.00,0.00,0.00,0.00,0.00,0.00,0.00,0.00,0.00,0.00,0.00,0.00,0.00,0.00,0.00
QASTGCPSTHB1,THB,Dafabet,Player,qastgcpsthb1@dafamember.com,Thailand,defaultmq,16,2017-05-29,"2017-06-01 15:30:46","2017-06-01 18:38:55",1,117.38,3,39.13,117.38,3,0.00,0,0.00,0,0.00,0,0.00,0,0.00,0,0.00,0,0.00,0,0.00,0.00,0.00,0,0.00,0.00,0,0.00,0.00,0.00,0.00,0,0.00,,,0.00,0.00,0.00,117.38,0.00,0.00,0.00,0.00,0.00,0.00,0.00,0.00,,"Not frozen","Not frozen",,mannycasino,EN,mannycasino,0.00,0.00,0.00,0.00,0.00,0.00,0.00,0.00,0.00,0.00,0.00,0.00,0.00,0.00,0.00,0.00,0.00,0.00,0.00,0.00,0.00,0.00,0.00,0.00,0.00,0.00,0.00,0.00,0.00,0.00,0.00,0.00,0.00,0.00,0.00,0.00,0.00,0.00,0.00,0.00,0.00,0.00,0.00,0.00,0.00,0.00,0.00,0.00,,0,0.00,0.00,0.00,0.00,0.00,0.00,0.00,0.00,0.00,0.00,0.00,0.00,0.00,0.00,0.00,0.00,0.00,0.00,0.00,0.00,0.00,0.00,0.00,0.00,0.00,0.00,0.00,0.00,0.00,0.00,0.00,0.00,0.00,0.00,0.00,0.00,0.00
QASTGFH001,CNY,Dafabet,Player,qastgfh001@dafamember.com,China,defaultmq,16,2017-06-09,"2017-06-09 19:51:52","2017-06-09 19:53:25",1,5.89,2,2.94,0.00,0,0.00,0,0.00,0,0.00,0,0.00,0,0.00,0,0.00,0,0.00,0,0.00,0.00,0.00,0,0.00,0.00,0,0.00,0.00,0.00,0.00,0,0.00,,,5.89,0.00,0.00,0.00,0.00,0.00,0.00,0.00,0.00,0.00,0.00,0.00,,"Not frozen","Not frozen",,mannycasino,ZH-CN,mannycasino,0.00,0.00,0.00,0.00,0.00,0.00,0.00,0.00,0.00,0.00,0.00,0.00,0.00,0.00,0.00,0.00,0.00,0.00,0.00,0.00,0.00,0.00,0.00,0.00,0.00,0.00,0.00,0.00,0.00,0.00,0.00,0.00,0.00,0.00,0.00,0.00,0.00,0.00,0.00,0.00,0.00,0.00,0.00,0.00,0.00,0.00,0.00,0.00,,0,0.00,0.00,0.00,0.00,0.00,0.00,0.00,0.00,0.00,0.00,0.00,0.00,0.00,0.00,0.00,0.00,0.00,0.00,0.00,0.00,0.00,0.00,0.00,0.00,0.00,0.00,0.00,0.00,0.00,0.00,0.00,0.00,0.00,0.00,0.00,0.00,0.00
QASTGMRARMB02,CNY,Dafabet,Player,qastgmrarmb02@dafamember.com,China,defaultmq,16,2017-06-09,"2017-06-09 19:36:10","2017-06-09 19:36:10",1,3.68,1,3.68,3.68,1,0.00,0,0.00,0,0.00,0,0.00,0,0.00,0,0.00,0,0.00,0,0.00,0.00,0.00,0,0.00,0.00,0,0.00,0.00,0.00,0.00,0,0.00,,,-0.00,0.00,0.00,3.68,0.00,0.00,0.00,0.00,0.00,0.00,0.00,0.00,,"Not frozen","Not frozen",,mannycasino,EN,mannycasino,0.00,0.00,0.00,0.00,0.00,0.00,0.00,0.00,0.00,0.00,0.00,0.00,0.00,0.00,0.00,0.00,0.00,0.00,0.00,0.00,0.00,0.00,0.00,0.00,0.00,0.00,0.00,0.00,0.00,0.00,0.00,0.00,0.00,0.00,0.00,0.00,0.00,0.00,0.00,0.00,0.00,0.00,0.00,0.00,0.00,0.00,0.00,0.00,,0,0.00,0.00,0.00,0.00,0.00,0.00,0.00,0.00,0.00,0.00,0.00,0.00,0.00,0.00,0.00,0.00,0.00,0.00,0.00,0.00,0.00,0.00,0.00,0.00,0.00,0.00,0.00,0.00,0.00,0.00,0.00,0.00,0.00,0.00,0.00,0.00,0.00
QASTGPMRMB02,CNY,Dafabet,Player,qastgpmrmb02@dafamember.com,China,defaultmq,16,2017-05-09,"2017-05-09 08:42:11","2017-06-15 11:05:21",1,0.15,1,365.79,2.65,4,0.00,0,0.00,0,0.00,0,0.00,0,0.00,0,0.00,0,0.00,0,0.00,0.00,0.00,0,0.00,0.00,0,0.00,0.00,0.00,0.00,0,0.00,,,-2.50,0.00,0.00,2.65,0.00,0.00,0.00,0.00,0.00,0.00,0.00,0.00,,"Not frozen","Not frozen",,mannycasino,EN,mannycasino,0.00,0.00,0.00,0.00,0.00,0.00,0.00,0.00,0.00,0.00,0.00,0.00,0.00,0.00,0.00,0.00,0.00,0.00,0.00,0.00,0.00,0.00,0.00,0.00,0.00,0.00,0.00,0.00,0.00,0.00,0.00,0.00,0.00,0.00,0.00,0.00,0.00,0.00,0.00,0.00,0.00,0.00,0.00,0.00,0.00,0.00,0.00,0.00,,0,0.00,0.00,0.00,0.00,0.00,0.00,0.00,0.00,0.00,0.00,0.00,0.00,0.00,0.00,0.00,0.00,0.00,0.00,0.00,0.00,0.00,0.00,0.00,0.00,0.00,0.00,0.00,0.00,0.00,0.00,0.00,0.00,0.00,0.00,0.00,0.00,0.00
QASTGPMRMB21,CNY,Dafabet,Player,qastgpmrmb21@dafamember.com,China,defaultmq,16,2017-06-07,"2017-06-07 17:12:23","2017-06-07 17:42:58",1,29.41,2,14.70,0.00,0,0.00,0,0.00,0,0.00,0,0.00,0,0.00,0,0.00,0,29.85,4,29.85,0.00,0.00,0,0.00,0.00,0,0.00,0.00,0.00,0.00,0,-29.85,,,59.26,0.00,0.00,0.00,0.00,0.00,0.00,0.00,0.00,0.00,0.00,0.00,,"Not frozen","Not frozen",,mannycasino,EN,mannycasino,0.00,0.00,0.00,0.00,0.00,0.00,0.00,0.00,0.00,0.00,0.00,0.00,0.00,0.00,0.00,0.00,0.00,-29.85,0.00,0.00,0.00,0.00,0.00,0.00,0.00,0.00,0.00,0.00,0.00,0.00,0.00,0.00,0.00,0.00,0.00,0.00,0.00,0.00,0.00,0.00,0.00,0.00,0.00,0.00,0.00,0.00,0.00,0.00,,0,0.00,0.00,0.00,0.00,0.00,0.00,0.00,0.00,0.00,0.00,0.00,0.00,0.00,0.00,0.00,0.00,0.00,0.00,0.00,0.00,0.00,0.00,0.00,0.00,0.00,0.00,0.00,0.00,0.00,0.00,0.00,0.00,0.00,0.00,0.00,0.00,0.00
QASTGRARMB04,CNY,Dafabet,Player,qastgrarmb04@dafamember.com,China,defaultmq,16,2017-04-18,"2017-06-21 14:26:43","2017-06-21 14:26:43",1,14.68,1,14.68,0.00,0,0.00,0,0.00,0,0.00,0,0.00,0,0.00,0,0.00,0,0.00,0,0.00,0.00,0.00,0,0.00,0.00,0,0.00,0.00,0.00,0.00,0,0.00,,,14.68,0.00,0.00,0.00,0.00,0.00,0.00,0.00,0.00,0.00,0.00,0.00,,"Not frozen","Not frozen",,mannycasino,EN,mannycasino,0.00,0.00,0.00,0.00,0.00,0.00,0.00,0.00,0.00,0.00,0.00,0.00,0.00,0.00,0.00,0.00,0.00,0.00,0.00,0.00,0.00,0.00,0.00,0.00,0.00,0.00,0.00,0.00,0.00,0.00,0.00,0.00,0.00,0.00,0.00,0.00,0.00,0.00,0.00,0.00,0.00,0.00,0.00,0.00,0.00,0.00,0.00,0.00,,0,0.00,0.00,0.00,0.00,0.00,0.00,0.00,0.00,0.00,0.00,0.00,0.00,0.00,0.00,0.00,0.00,0.00,0.00,0.00,0.00,0.00,0.00,0.00,0.00,0.00,0.00,0.00,0.00,0.00,0.00,0.00,0.00,0.00,0.00,0.00,0.00,0.00
QASTGRM430001,CNY,Dafabet,Player,qastgrm430001@dafamember.com,China,defaultmq,16,2017-06-01,"2017-06-01 09:33:05","2017-06-01 10:33:03",1,218.81,2,109.40,1.75,6,0.00,0,0.00,0,0.00,0,0.00,0,0.00,0,0.00,0,0.00,0,0.00,0.00,0.00,0,0.00,0.00,0,0.00,0.00,0.00,0.00,0,0.00,,,217.06,0.00,0.00,1.75,0.00,0.00,0.00,0.00,0.00,0.00,0.00,0.00,,"Not frozen","Not frozen",,mannycasino,EN,mannycasino,0.00,0.00,0.00,0.00,0.00,0.00,0.00,0.00,0.00,0.00,0.00,0.00,0.00,0.00,0.00,0.00,0.00,0.00,0.00,0.00,0.00,0.00,0.00,0.00,0.00,0.00,0.00,0.00,0.00,0.00,0.00,0.00,0.00,0.00,0.00,0.00,0.00,0.00,0.00,0.00,0.00,0.00,0.00,0.00,0.00,0.00,0.00,0.00,,0,0.00,0.00,0.00,0.00,0.00,0.00,0.00,0.00,0.00,0.00,0.00,0.00,0.00,0.00,0.00,0.00,0.00,0.00,0.00,0.00,0.00,0.00,0.00,0.00,0.00,0.00,0.00,0.00,0.00,0.00,0.00,0.00,0.00,0.00,0.00,0.00,0.00
QASTGRMBAL18,CNY,Dafabet,Player,qastgrmbal18@dafamember.com,China,defaultmq,16,2017-06-12,"2017-06-12 13:02:06","2017-06-12 13:02:06",1,73.55,1,73.55,0.00,0,0.00,0,0.00,0,0.00,0,0.00,0,0.00,0,0.00,0,0.00,0,0.00,0.00,0.00,0,0.00,0.00,0,0.00,0.00,0.00,0.00,0,0.00,,,73.55,0.00,0.00,0.00,0.00,0.00,0.00,0.00,0.00,0.00,0.00,0.00,,"Not frozen","Not frozen",,mannycasino,EN,mannycasino,0.00,0.00,0.00,0.00,0.00,0.00,0.00,0.00,0.00,0.00,0.00,0.00,0.00,0.00,0.00,0.00,0.00,0.00,0.00,0.00,0.00,0.00,0.00,0.00,0.00,0.00,0.00,0.00,0.00,0.00,0.00,0.00,0.00,0.00,0.00,0.00,0.00,0.00,0.00,0.00,0.00,0.00,0.00,0.00,0.00,0.00,0.00,0.00,,0,0.00,0.00,0.00,0.00,0.00,0.00,0.00,0.00,0.00,0.00,0.00,0.00,0.00,0.00,0.00,0.00,0.00,0.00,0.00,0.00,0.00,0.00,0.00,0.00,0.00,0.00,0.00,0.00,0.00,0.00,0.00,0.00,0.00,0.00,0.00,0.00,0.00
QASTGRMBJB00,CNY,Dafabet,Player,qastgrmbjb00@dafamember.com,China,defaultmq,16,2017-06-08,"2017-06-08 14:43:42","2017-06-08 14:43:42",1,73.57,1,73.57,0.15,1,0.00,0,0.00,0,0.00,0,0.00,0,0.00,0,0.00,0,0.00,0,0.00,0.00,0.00,0,0.00,0.00,0,0.00,0.00,0.00,0.00,0,0.00,,,73.42,0.00,0.00,0.15,0.00,0.00,0.00,0.00,0.00,0.00,0.00,0.00,,"Not frozen","Not frozen",,mannycasino,EN,mannycasino,0.00,0.00,0.00,0.00,0.00,0.00,0.00,0.00,0.00,0.00,0.00,0.00,0.00,0.00,0.00,0.00,0.00,0.00,0.00,0.00,0.00,0.00,0.00,0.00,0.00,0.00,0.00,0.00,0.00,0.00,0.00,0.00,0.00,0.00,0.00,0.00,0.00,0.00,0.00,0.00,0.00,0.00,0.00,0.00,0.00,0.00,0.00,0.00,,0,0.00,0.00,0.00,0.00,0.00,0.00,0.00,0.00,0.00,0.00,0.00,0.00,0.00,0.00,0.00,0.00,0.00,0.00,0.00,0.00,0.00,0.00,0.00,0.00,0.00,0.00,0.00,0.00,0.00,0.00,0.00,0.00,0.00,0.00,0.00,0.00,0.00
QASTGRMBJB01,CNY,Dafabet,Player,qastgrmbjb01@dafamember.com,China,defaultmq,16,2017-05-31,"2017-06-15 16:52:34","2017-06-15 16:52:34",1,73.56,1,73.56,0.00,0,0.00,0,0.00,0,0.00,0,0.00,0,0.00,0,0.00,0,0.00,0,0.00,0.00,0.00,0,0.00,0.00,0,0.00,0.00,0.00,0.00,0,0.00,,,73.56,0.00,0.00,0.00,0.00,0.00,0.00,0.00,0.00,0.00,0.00,0.00,,"Not frozen","Not frozen",,mannycasino,EN,mannycasino,0.00,0.00,0.00,0.00,0.00,0.00,0.00,0.00,0.00,0.00,0.00,0.00,0.00,0.00,0.00,0.00,0.00,0.00,0.00,0.00,0.00,0.00,0.00,0.00,0.00,0.00,0.00,0.00,0.00,0.00,0.00,0.00,0.00,0.00,0.00,0.00,0.00,0.00,0.00,0.00,0.00,0.00,0.00,0.00,0.00,0.00,0.00,0.00,,0,0.00,0.00,0.00,0.00,0.00,0.00,0.00,0.00,0.00,0.00,0.00,0.00,0.00,0.00,0.00,0.00,0.00,0.00,0.00,0.00,0.00,0.00,0.00,0.00,0.00,0.00,0.00,0.00,0.00,0.00,0.00,0.00,0.00,0.00,0.00,0.00,0.00
QASTGRMBLAX003,CNY,Dafabet,Player,qastgrmblax003@dafamember.com,China,defaultmq,16,2017-06-09,"2017-06-12 10:00:04","2017-06-12 10:00:04",1,48.54,1,48.54,0.00,0,0.00,0,0.00,0,0.00,0,0.00,0,0.00,0,0.00,0,0.00,0,0.00,0.00,0.00,0,0.00,0.00,0,0.00,0.00,2.21,0.00,4,2.21,,,46.34,0.00,0.00,0.00,0.00,0.00,0.00,0.00,0.00,0.00,0.00,0.00,,"Not frozen","Not frozen",,mannycasino,EN,mannycasino,0.00,0.00,0.00,0.00,0.00,0.00,0.00,0.00,0.00,0.00,0.00,0.00,0.00,0.00,0.00,0.00,0.00,2.21,0.00,0.00,0.00,0.00,0.00,0.00,0.00,0.00,0.00,0.00,0.00,0.00,0.00,0.00,0.00,0.00,0.00,0.00,0.00,0.00,0.00,0.00,0.00,0.00,0.00,0.00,0.00,0.00,0.00,0.00,,0,0.00,0.00,0.00,0.00,0.00,0.00,0.00,0.00,0.00,0.00,0.00,0.00,0.00,0.00,0.00,0.00,0.00,0.00,0.00,0.00,0.00,0.00,0.00,0.00,0.00,0.00,0.00,0.00,0.00,0.00,0.00,0.00,0.00,0.00,0.00,0.00,0.00
QASTGRMBLAX004,CNY,Dafabet,Player,qastgrmblax004@dafamember.com,China,defaultmq,18,2017-06-09,"2017-06-09 10:57:11","2017-06-09 10:57:11",1,30.91,1,30.91,5.89,1,0.00,0,0.00,0,0.00,0,0.00,0,0.00,0,0.00,0,0.00,0,0.00,0.00,0.00,0,0.00,0.00,0,0.00,0.00,0.00,0.00,0,0.00,,,25.02,0.00,0.00,5.89,0.00,0.00,0.00,0.00,0.00,0.00,0.00,0.00,,"Not frozen","Not frozen",,mannycasino,EN,mannycasino,0.00,0.00,0.00,0.00,0.00,0.00,0.00,0.00,0.00,0.00,0.00,0.00,0.00,0.00,0.00,0.00,0.00,0.00,0.00,0.00,0.00,0.00,0.00,0.00,0.00,0.00,0.00,0.00,0.00,0.00,0.00,0.00,0.00,0.00,0.00,0.00,0.00,0.00,0.00,0.00,0.00,0.00,0.00,0.00,0.00,0.00,0.00,0.00,,0,0.00,0.00,0.00,0.00,0.00,0.00,0.00,0.00,0.00,0.00,0.00,0.00,0.00,0.00,0.00,0.00,0.00,0.00,0.00,0.00,0.00,0.00,0.00,0.00,0.00,0.00,0.00,0.00,0.00,0.00,0.00,0.00,0.00,0.00,0.00,0.00,0.00
QASTGRMBRA025,CNY,Dafabet,Player,qastgrmbra025@dafamember.com,China,defaultmq,16,2017-01-18,"2017-06-12 11:53:04","2017-06-12 11:53:04",1,2942.04,1,2942.04,1029.71,1,0.00,0,0.00,0,0.00,0,0.00,0,0.00,0,0.00,0,0.00,0,0.00,0.00,0.00,0,0.00,0.00,0,0.00,0.00,0.00,0.00,0,0.00,,,1912.33,0.00,0.00,1029.71,0.00,0.00,0.00,0.00,0.00,0.00,0.00,0.00,,"Not frozen","Not frozen",,mannycasino,EN,mannycasino,0.00,0.00,0.00,0.00,0.00,0.00,0.00,0.00,0.00,0.00,0.00,0.00,0.00,0.00,0.00,0.00,0.00,0.00,0.00,0.00,0.00,0.00,0.00,0.00,0.00,0.00,0.00,0.00,0.00,0.00,0.00,0.00,0.00,0.00,0.00,0.00,0.00,0.00,0.00,0.00,0.00,0.00,0.00,0.00,0.00,0.00,0.00,0.00,,0,0.00,0.00,0.00,0.00,0.00,0.00,0.00,0.00,0.00,0.00,0.00,0.00,0.00,0.00,0.00,0.00,0.00,0.00,0.00,0.00,0.00,0.00,0.00,0.00,0.00,0.00,0.00,0.00,0.00,0.00,0.00,0.00,0.00,0.00,0.00,0.00,0.00
QASTGRMBTK019,CNY,Dafabet,Player,qastgrmbtk019@dafamember.com,Haiti,defaultmq,16,2017-06-09,"2017-06-09 19:26:25","2017-06-15 10:40:25",1,29.43,3,9.81,0.00,0,0.00,0,0.00,0,0.00,0,0.00,0,0.00,0,0.00,0,14.72,1,0.00,0.00,0.00,0,0.00,0.00,0,0.00,0.00,0.00,0.00,0,0.00,,,29.43,14.72,0.00,0.00,0.00,0.00,0.00,0.00,0.00,0.00,0.00,0.00,,"Not frozen","Not frozen",,mannycasino,EN,mannycasino,0.00,0.00,0.00,0.00,0.00,0.00,0.00,0.00,0.00,0.00,0.00,0.00,0.00,0.00,0.00,0.00,0.00,0.00,0.00,0.00,0.00,0.00,0.00,0.00,0.00,0.00,0.00,0.00,0.00,0.00,0.00,0.00,0.00,0.00,0.00,0.00,0.00,0.00,0.00,0.00,0.00,0.00,0.00,0.00,0.00,0.00,0.00,0.00,,0,0.00,0.00,0.00,0.00,0.00,0.00,0.00,0.00,0.00,0.00,0.00,0.00,0.00,0.00,0.00,0.00,0.00,0.00,0.00,0.00,0.00,0.00,0.00,0.00,0.00,0.00,0.00,0.00,0.00,0.00,0.00,0.00,0.00,0.00,0.00,0.00,0.00
QASTGTRSUSD1,USD,Dafabet,Player,qastgtrsusd1@dafamember.com,China,defaultmq,17,2017-05-09,"2017-06-22 11:39:28","2017-06-22 14:24:17",1,350.00,3,116.67,150.00,2,0.00,0,0.00,0,0.00,0,0.00,0,0.00,0,0.00,0,0.00,0,0.00,0.00,0.00,0,0.00,0.00,0,0.00,0.00,0.00,0.00,0,0.00,,,200.00,0.00,0.00,150.00,0.00,0.00,0.00,0.00,0.00,0.00,0.00,0.00,,"Not frozen","Not frozen",,mannycasino,EN,mannycasino,0.00,0.00,0.00,0.00,0.00,0.00,0.00,0.00,0.00,0.00,0.00,0.00,0.00,0.00,0.00,0.00,0.00,0.00,0.00,0.00,0.00,0.00,0.00,0.00,0.00,0.00,0.00,0.00,0.00,0.00,0.00,0.00,0.00,0.00,0.00,0.00,0.00,0.00,0.00,0.00,0.00,0.00,0.00,0.00,0.00,0.00,0.00,0.00,,0,0.00,0.00,0.00,0.00,0.00,0.00,0.00,0.00,0.00,0.00,0.00,0.00,0.00,0.00,0.00,0.00,0.00,0.00,0.00,0.00,0.00,0.00,0.00,0.00,0.00,0.00,0.00,0.00,0.00,0.00,0.00,0.00,0.00,0.00,0.00,0.00,0.00
QASUPPORTCNY01,CNY,Dafabet,Player,qasupportcny01@dafamember.com,China,defaultmq,16,2017-06-15,"2017-06-15 01:06:22","2017-06-15 01:06:22",1,44.13,1,44.13,8.83,2,0.00,0,0.00,0,0.00,0,0.00,0,0.00,0,0.00,0,0.00,0,0.00,0.00,0.00,0,0.00,0.00,0,0.00,0.00,0.00,0.00,0,0.00,,,35.30,0.00,0.00,8.83,0.00,0.00,0.00,0.00,0.00,0.00,0.00,0.00,,"Not frozen","Not frozen",,mannycasino,EN,mannycasino,0.00,0.00,0.00,0.00,0.00,0.00,0.00,0.00,0.00,0.00,0.00,0.00,0.00,0.00,0.00,0.00,0.00,0.00,0.00,0.00,0.00,0.00,0.00,0.00,0.00,0.00,0.00,0.00,0.00,0.00,0.00,0.00,0.00,0.00,0.00,0.00,0.00,0.00,0.00,0.00,0.00,0.00,0.00,0.00,0.00,0.00,0.00,0.00,,0,0.00,0.00,0.00,0.00,0.00,0.00,0.00,0.00,0.00,0.00,0.00,0.00,0.00,0.00,0.00,0.00,0.00,0.00,0.00,0.00,0.00,0.00,0.00,0.00,0.00,0.00,0.00,0.00,0.00,0.00,0.00,0.00,0.00,0.00,0.00,0.00,0.00
QATCTASEUR02,EUR,Dafabet,Player,qatctaseur02@dafamember.com,Slovenia,defaultmq,18,2017-05-18,"2017-06-05 21:34:04","2017-06-05 21:34:04",1,56.43,1,56.43,0.00,0,0.00,0,0.00,0,0.00,0,0.00,0,0.00,0,0.00,0,11.26,1,11.26,0.00,0.00,0,0.00,0.00,0,0.00,0.00,67.11,93.09,8,-37.24,,,93.67,0.00,0.00,0.00,0.00,0.00,0.00,0.00,0.00,0.00,0.00,0.00,,"Not frozen","Not frozen",,mannycasino,EN,mannycasino,0.00,0.00,0.00,0.00,0.00,0.00,0.00,0.00,0.00,0.00,0.00,0.00,0.00,0.00,0.00,0.00,0.00,-37.24,0.00,0.00,0.00,0.00,0.00,0.00,0.00,0.00,0.00,0.00,0.00,0.00,0.00,0.00,0.00,0.00,0.00,0.00,0.00,0.00,0.00,0.00,0.00,0.00,0.00,0.00,0.00,0.00,0.00,0.00,,0,0.00,0.00,0.00,0.00,0.00,0.00,0.00,0.00,0.00,0.00,0.00,0.00,0.00,0.00,0.00,0.00,0.00,0.00,0.00,0.00,0.00,0.00,0.00,0.00,0.00,0.00,0.00,0.00,0.00,0.00,0.00,0.00,0.00,0.00,0.00,0.00,0.00
QATCTGRRA005,CNY,Dafabet,Player,qatctgrra005@dafamember.com,China,defaultmq,16,2017-05-30,"2017-06-07 12:50:05","2017-06-07 12:52:04",1,294.37,2,147.19,0.00,0,0.00,0,0.00,0,0.00,0,0.00,0,0.00,0,0.00,0,0.00,0,0.00,0.00,0.00,0,0.00,0.00,0,0.00,0.00,0.00,0.00,0,0.00,,,294.37,0.00,0.00,0.00,0.00,0.00,0.00,0.00,0.00,0.00,0.00,0.00,,"Not frozen","Not frozen",,mannycasino,EN,mannycasino,0.00,0.00,0.00,0.00,0.00,0.00,0.00,0.00,0.00,0.00,0.00,0.00,0.00,0.00,0.00,0.00,0.00,0.00,0.00,0.00,0.00,0.00,0.00,0.00,0.00,0.00,0.00,0.00,0.00,0.00,0.00,0.00,0.00,0.00,0.00,0.00,0.00,0.00,0.00,0.00,0.00,0.00,0.00,0.00,0.00,0.00,0.00,0.00,,0,0.00,0.00,0.00,0.00,0.00,0.00,0.00,0.00,0.00,0.00,0.00,0.00,0.00,0.00,0.00,0.00,0.00,0.00,0.00,0.00,0.00,0.00,0.00,0.00,0.00,0.00,0.00,0.00,0.00,0.00,0.00,0.00,0.00,0.00,0.00,0.00,0.00
QATCTJBCRMB01,CNY,Dafabet,Player,qatctjbcrmb01@dafamember.com,China,defaultmq,16,2017-05-15,"2017-05-15 12:52:55","2017-05-15 12:52:55",1,0.00,0,145.04,0.00,0,0.00,0,0.00,0,0.00,0,0.00,0,0.00,0,0.00,0,30.79,2,0.00,0.00,0.00,0,0.00,0.00,0,0.00,0.00,0.00,0.00,0,0.00,,,0.00,30.79,0.00,0.00,0.00,0.00,0.00,0.00,0.00,0.00,0.00,0.00,,"Not frozen","Not frozen",,mannycasino,EN,mannycasino,0.00,0.00,0.00,0.00,0.00,0.00,0.00,0.00,0.00,0.00,0.00,0.00,0.00,0.00,0.00,0.00,0.00,0.00,0.00,0.00,0.00,0.00,0.00,0.00,0.00,0.00,0.00,0.00,0.00,0.00,0.00,0.00,0.00,0.00,0.00,0.00,0.00,0.00,0.00,0.00,0.00,0.00,0.00,0.00,0.00,0.00,0.00,0.00,,0,0.00,0.00,0.00,0.00,0.00,0.00,0.00,0.00,0.00,0.00,0.00,0.00,0.00,0.00,0.00,0.00,0.00,0.00,0.00,0.00,0.00,0.00,0.00,0.00,0.00,0.00,0.00,0.00,0.00,0.00,0.00,0.00,0.00,0.00,0.00,0.00,0.00
QATCTJDRMB12,CNY,Dafabet,Player,qatctjdrmb12@dafamember.com,Indonesia,defaultmq,16,2017-05-09,"2017-06-07 16:10:59","2017-06-07 16:10:59",1,14.70,1,14.70,0.00,0,0.00,0,0.00,0,0.00,0,0.00,0,0.00,0,0.00,0,0.00,0,0.00,0.00,0.00,0,0.00,0.00,0,0.00,0.00,0.00,0.00,0,0.00,,,14.70,0.00,0.00,0.00,0.00,0.00,0.00,0.00,0.00,0.00,0.00,0.00,,"Not frozen","Not frozen",,mannycasino,EN,mannycasino,0.00,0.00,0.00,0.00,0.00,0.00,0.00,0.00,0.00,0.00,0.00,0.00,0.00,0.00,0.00,0.00,0.00,0.00,0.00,0.00,0.00,0.00,0.00,0.00,0.00,0.00,0.00,0.00,0.00,0.00,0.00,0.00,0.00,0.00,0.00,0.00,0.00,0.00,0.00,0.00,0.00,0.00,0.00,0.00,0.00,0.00,0.00,0.00,,0,0.00,0.00,0.00,0.00,0.00,0.00,0.00,0.00,0.00,0.00,0.00,0.00,0.00,0.00,0.00,0.00,0.00,0.00,0.00,0.00,0.00,0.00,0.00,0.00,0.00,0.00,0.00,0.00,0.00,0.00,0.00,0.00,0.00,0.00,0.00,0.00,0.00
QATCTRBMLAX09,CNY,Dafabet,Player,qatctrbmlax09@dafamember.com,China,defaultmq,16,2017-06-05,"2017-06-05 15:08:34","2017-06-05 15:08:34",1,36.70,1,36.70,12.04,2,0.00,0,0.00,0,0.00,0,0.00,0,0.00,0,0.00,0,0.00,0,0.00,0.00,0.00,0,0.00,0.00,0,0.00,0.00,0.00,0.00,0,0.00,,,24.66,0.00,0.00,12.04,0.00,0.00,0.00,0.00,0.00,0.00,0.00,0.00,,"Not frozen","Not frozen",,mannycasino,EN,mannycasino,0.00,0.00,0.00,0.00,0.00,0.00,0.00,0.00,0.00,0.00,0.00,0.00,0.00,0.00,0.00,0.00,0.00,0.00,0.00,0.00,0.00,0.00,0.00,0.00,0.00,0.00,0.00,0.00,0.00,0.00,0.00,0.00,0.00,0.00,0.00,0.00,0.00,0.00,0.00,0.00,0.00,0.00,0.00,0.00,0.00,0.00,0.00,0.00,,0,0.00,0.00,0.00,0.00,0.00,0.00,0.00,0.00,0.00,0.00,0.00,0.00,0.00,0.00,0.00,0.00,0.00,0.00,0.00,0.00,0.00,0.00,0.00,0.00,0.00,0.00,0.00,0.00,0.00,0.00,0.00,0.00,0.00,0.00,0.00,0.00,0.00
QATCTRMB002,CNY,Dafabet,Player,qatctrmb002@dafamember.com,China,defaultmq,13,2017-05-03,"2017-05-10 16:42:06","2017-05-23 14:13:20",1,0.00,0,15.42,5.88,2,0.00,0,0.00,0,0.00,0,0.00,0,0.00,0,0.00,0,0.00,0,0.00,0.00,0.00,0,0.00,0.00,0,0.00,0.00,0.00,0.00,0,0.00,,,-5.88,0.00,0.00,5.88,0.00,0.00,0.00,0.00,0.00,0.00,0.00,0.00,,"Not frozen","Not frozen",,mannycasino,EN,mannycasino,0.00,0.00,0.00,0.00,0.00,0.00,0.00,0.00,0.00,0.00,0.00,0.00,0.00,0.00,0.00,0.00,0.00,0.00,0.00,0.00,0.00,0.00,0.00,0.00,0.00,0.00,0.00,0.00,0.00,0.00,0.00,0.00,0.00,0.00,0.00,0.00,0.00,0.00,0.00,0.00,0.00,0.00,0.00,0.00,0.00,0.00,0.00,0.00,,0,0.00,0.00,0.00,0.00,0.00,0.00,0.00,0.00,0.00,0.00,0.00,0.00,0.00,0.00,0.00,0.00,0.00,0.00,0.00,0.00,0.00,0.00,0.00,0.00,0.00,0.00,0.00,0.00,0.00,0.00,0.00,0.00,0.00,0.00,0.00,0.00,0.00
QATCTRMBAH052,CNY,Dafabet,Player,qatctrmbah052@dafamember.com,China,defaultmq,16,2017-06-01,"2017-06-08 19:11:37","2017-06-08 19:19:42",1,29.43,2,14.71,23.54,8,0.00,0,0.00,0,0.00,0,0.00,0,0.00,0,0.00,0,0.00,0,0.00,0.00,0.00,0,0.00,0.00,0,0.00,0.00,0.00,0.00,0,0.00,,,5.89,0.00,0.00,23.54,0.00,0.00,0.00,0.00,0.00,0.00,0.00,0.00,,"Not frozen","Not frozen",,mannycasino,ZH-CN,mannycasino,0.00,0.00,0.00,0.00,0.00,0.00,0.00,0.00,0.00,0.00,0.00,0.00,0.00,0.00,0.00,0.00,0.00,0.00,0.00,0.00,0.00,0.00,0.00,0.00,0.00,0.00,0.00,0.00,0.00,0.00,0.00,0.00,0.00,0.00,0.00,0.00,0.00,0.00,0.00,0.00,0.00,0.00,0.00,0.00,0.00,0.00,0.00,0.00,,0,0.00,0.00,0.00,0.00,0.00,0.00,0.00,0.00,0.00,0.00,0.00,0.00,0.00,0.00,0.00,0.00,0.00,0.00,0.00,0.00,0.00,0.00,0.00,0.00,0.00,0.00,0.00,0.00,0.00,0.00,0.00,0.00,0.00,0.00,0.00,0.00,0.00
QATCTRMBJPC01,CNY,Dafabet,Player,qatctrmbjpc01@dafamember.com,Indonesia,defaultmq,16,2017-05-15,"2017-06-22 09:47:34","2017-06-22 09:47:34",1,14.65,1,14.65,0.00,0,0.00,0,0.00,0,0.00,0,0.00,0,0.00,0,0.00,0,0.00,0,0.00,0.00,0.00,0,0.00,0.00,0,0.00,0.00,0.00,0.00,0,0.00,,,14.65,0.00,0.00,0.00,0.00,0.00,0.00,0.00,0.00,0.00,0.00,0.00,,"Not frozen","Not frozen",,mannycasino,EN,mannycasino,0.00,0.00,0.00,0.00,0.00,0.00,0.00,0.00,0.00,0.00,0.00,0.00,0.00,0.00,0.00,0.00,0.00,0.00,0.00,0.00,0.00,0.00,0.00,0.00,0.00,0.00,0.00,0.00,0.00,0.00,0.00,0.00,0.00,0.00,0.00,0.00,0.00,0.00,0.00,0.00,0.00,0.00,0.00,0.00,0.00,0.00,0.00,0.00,,0,0.00,0.00,0.00,0.00,0.00,0.00,0.00,0.00,0.00,0.00,0.00,0.00,0.00,0.00,0.00,0.00,0.00,0.00,0.00,0.00,0.00,0.00,0.00,0.00,0.00,0.00,0.00,0.00,0.00,0.00,0.00,0.00,0.00,0.00,0.00,0.00,0.00
QATCTRMBKB030,CNY,Dafabet,Player,qatctrmbkb030@dafamember.com,Japan,defaultmq,16,2017-06-02,"2017-06-02 03:10:30","2017-06-02 03:10:30",1,14.79,1,14.79,6.30,2,0.00,0,0.00,0,0.00,0,0.00,0,0.00,0,0.00,0,0.00,0,0.00,0.00,0.00,0,0.00,0.00,0,0.00,0.00,0.00,0.00,0,0.00,,,8.49,0.00,0.00,6.30,0.00,0.00,0.00,0.00,0.00,0.00,0.00,0.00,,"Not frozen","Not frozen",,mannycasino,EN,mannycasino,0.00,0.00,0.00,0.00,0.00,0.00,0.00,0.00,0.00,0.00,0.00,0.00,0.00,0.00,0.00,0.00,0.00,0.00,0.00,0.00,0.00,0.00,0.00,0.00,0.00,0.00,0.00,0.00,0.00,0.00,0.00,0.00,0.00,0.00,0.00,0.00,0.00,0.00,0.00,0.00,0.00,0.00,0.00,0.00,0.00,0.00,0.00,0.00,,0,0.00,0.00,0.00,0.00,0.00,0.00,0.00,0.00,0.00,0.00,0.00,0.00,0.00,0.00,0.00,0.00,0.00,0.00,0.00,0.00,0.00,0.00,0.00,0.00,0.00,0.00,0.00,0.00,0.00,0.00,0.00,0.00,0.00,0.00,0.00,0.00,0.00
QATEST1RMBKYC5,CNY,Dafabet,Player,qatest1rmbkyc5@dafamember.com,China,defaultmq,16,2017-04-10,"2017-04-10 19:44:13","2017-05-25 18:34:53",1,0.00,0,570.69,2.94,1,0.00,0,0.00,0,0.00,0,0.00,0,0.00,0,0.00,0,0.00,0,0.00,0.00,0.00,0,0.00,0.00,0,0.00,0.00,0.00,0.00,0,0.00,,,-2.94,0.00,0.00,2.94,0.00,0.00,0.00,0.00,0.00,0.00,0.00,0.00,,"Not frozen","Not frozen",,mannycasino,EN,mannycasino,0.00,0.00,0.00,0.00,0.00,0.00,0.00,0.00,0.00,0.00,0.00,0.00,0.00,0.00,0.00,0.00,0.00,0.00,0.00,0.00,0.00,0.00,0.00,0.00,0.00,0.00,0.00,0.00,0.00,0.00,0.00,0.00,0.00,0.00,0.00,0.00,0.00,0.00,0.00,0.00,0.00,0.00,0.00,0.00,0.00,0.00,0.00,0.00,,0,0.00,0.00,0.00,0.00,0.00,0.00,0.00,0.00,0.00,0.00,0.00,0.00,0.00,0.00,0.00,0.00,0.00,0.00,0.00,0.00,0.00,0.00,0.00,0.00,0.00,0.00,0.00,0.00,0.00,0.00,0.00,0.00,0.00,0.00,0.00,0.00,0.00
QATESTRMB01,CNY,Dafabet,Player,qatest@gmail.com,China,defaultmq,16,2012-07-24,"2017-06-06 14:43:29","2017-06-06 15:29:57",1,37.52,3,12.51,4.27,1,0.00,0,0.00,0,0.00,0,0.00,0,0.00,0,0.00,0,0.81,1,0.00,0.00,0.00,0,0.00,0.00,0,0.00,0.00,0.00,0.00,0,0.00,,,33.25,-0.00,0.00,4.27,0.00,0.00,0.81,0.00,0.00,0.00,0.00,0.00,,"Not frozen","Not frozen",,mannycasino,EN,mannycasino,0.00,0.00,0.00,0.00,0.00,0.00,0.00,0.00,0.00,0.00,0.00,0.00,0.00,0.00,0.00,0.00,0.00,0.00,0.00,0.00,0.00,0.00,0.00,0.00,0.00,0.00,0.00,0.00,0.00,0.00,0.00,0.00,0.00,0.00,0.00,0.00,0.00,0.00,0.00,0.00,0.00,0.00,0.00,0.00,0.00,0.00,0.00,0.00,,0,0.00,0.00,0.00,0.00,0.00,0.00,0.00,0.00,0.00,0.00,0.00,0.00,0.00,0.00,0.00,0.00,0.00,0.00,0.00,0.00,0.00,0.00,0.00,0.00,0.00,0.00,0.00,0.00,0.00,0.00,0.00,0.00,0.00,0.00,0.00,0.00,0.00
QATESTRMBJB00,CNY,Dafabet,Player,qatestrmbjb00@dafamember.com,China,defaultmq,16,2017-06-08,"2017-06-08 13:57:05","2017-06-15 14:26:06",1,77.11,10,7.71,12.23,29,0.00,0,0.00,0,0.00,0,0.00,0,0.00,0,0.00,0,0.00,0,0.00,0.00,0.00,0,0.00,0.00,0,0.00,0.00,0.00,0.00,0,0.00,,,64.88,0.00,0.00,12.23,0.00,0.00,0.00,0.00,0.00,0.00,0.00,0.00,,"Not frozen","Not frozen",,mannycasino,EN,mannycasino,0.00,0.00,0.00,0.00,0.00,0.00,0.00,0.00,0.00,0.00,0.00,0.00,0.00,0.00,0.00,0.00,0.00,0.00,0.00,0.00,0.00,0.00,0.00,0.00,0.00,0.00,0.00,0.00,0.00,0.00,0.00,0.00,0.00,0.00,0.00,0.00,0.00,0.00,0.00,0.00,0.00,0.00,0.00,0.00,0.00,0.00,0.00,0.00,,0,0.00,0.00,0.00,0.00,0.00,0.00,0.00,0.00,0.00,0.00,0.00,0.00,0.00,0.00,0.00,0.00,0.00,0.00,0.00,0.00,0.00,0.00,0.00,0.00,0.00,0.00,0.00,0.00,0.00,0.00,0.00,0.00,0.00,0.00,0.00,0.00,0.00
QATESTRMBKZ02,CNY,Dafabet,Player,qatestrmbkz02@dafamember.com,Slovenia,defaultmq,18,2017-06-14,"2017-06-14 20:45:36","2017-06-14 20:45:36",1,4.86,1,4.86,0.00,0,0.00,0,0.00,0,0.00,0,0.00,0,0.00,0,0.00,0,0.00,0,0.00,0.00,0.00,0,0.00,0.00,0,0.00,0.00,0.00,0.00,0,0.00,,,4.86,0.00,0.00,0.00,0.00,0.00,0.00,0.00,0.00,0.00,0.00,0.00,,"Not frozen","Not frozen",,mannycasino,EN,mannycasino,0.00,0.00,0.00,0.00,0.00,0.00,0.00,0.00,0.00,0.00,0.00,0.00,0.00,0.00,0.00,0.00,0.00,0.00,0.00,0.00,0.00,0.00,0.00,0.00,0.00,0.00,0.00,0.00,0.00,0.00,0.00,0.00,0.00,0.00,0.00,0.00,0.00,0.00,0.00,0.00,0.00,0.00,0.00,0.00,0.00,0.00,0.00,0.00,,0,0.00,0.00,0.00,0.00,0.00,0.00,0.00,0.00,0.00,0.00,0.00,0.00,0.00,0.00,0.00,0.00,0.00,0.00,0.00,0.00,0.00,0.00,0.00,0.00,0.00,0.00,0.00,0.00,0.00,0.00,0.00,0.00,0.00,0.00,0.00,0.00,0.00
QATESTUSDJPG1,USD,Dafabet,Player,qatestusdjpg1@usd23041993.com,China,defaultmq,16,2012-06-01,"2017-06-07 13:54:45","2017-06-07 15:18:58",1,1000015.00,2,500007.50,125.00,8,0.00,0,0.00,0,0.00,0,0.00,0,0.00,0,0.00,0,0.00,0,0.00,0.00,0.00,0,0.00,0.00,0,0.00,0.00,0.00,0.00,0,0.00,,,999890.00,0.00,0.00,125.00,0.00,0.00,0.00,0.00,0.00,0.00,0.00,0.00,,"Not frozen","Not frozen",,mannycasino,EN,mannycasino,0.00,0.00,0.00,0.00,0.00,0.00,0.00,0.00,0.00,0.00,0.00,0.00,0.00,0.00,0.00,0.00,0.00,0.00,0.00,0.00,0.00,0.00,0.00,0.00,0.00,0.00,0.00,0.00,0.00,0.00,0.00,0.00,0.00,0.00,0.00,0.00,0.00,0.00,0.00,0.00,0.00,0.00,0.00,0.00,0.00,0.00,0.00,0.00,,0,0.00,0.00,0.00,0.00,0.00,0.00,0.00,0.00,0.00,0.00,0.00,0.00,0.00,0.00,0.00,0.00,0.00,0.00,0.00,0.00,0.00,0.00,0.00,0.00,0.00,0.00,0.00,0.00,0.00,0.00,0.00,0.00,0.00,0.00,0.00,0.00,0.00
QATS1PMEUR04,EUR,Dafabet,Player,qats1pmeur04@dafamember.com,China,defaultmq,16,2017-06-06,"2017-06-20 13:39:10","2017-06-20 14:27:31",1,1343.78,3,447.93,223.96,2,0.00,0,0.00,0,0.00,0,0.00,0,0.00,0,0.00,0,0.00,0,0.00,0.00,0.00,0,0.00,0.00,0,0.00,0.00,0.00,0.00,0,0.00,,,1119.82,0.00,0.00,223.96,0.00,0.00,0.00,0.00,0.00,0.00,0.00,0.00,,"Not frozen","Not frozen",,mannycasino,EN,mannycasino,0.00,0.00,0.00,0.00,0.00,0.00,0.00,0.00,0.00,0.00,0.00,0.00,0.00,0.00,0.00,0.00,0.00,0.00,0.00,0.00,0.00,0.00,0.00,0.00,0.00,0.00,0.00,0.00,0.00,0.00,0.00,0.00,0.00,0.00,0.00,0.00,0.00,0.00,0.00,0.00,0.00,0.00,0.00,0.00,0.00,0.00,0.00,0.00,,0,0.00,0.00,0.00,0.00,0.00,0.00,0.00,0.00,0.00,0.00,0.00,0.00,0.00,0.00,0.00,0.00,0.00,0.00,0.00,0.00,0.00,0.00,0.00,0.00,0.00,0.00,0.00,0.00,0.00,0.00,0.00,0.00,0.00,0.00,0.00,0.00,0.00
QATS1RMBPM10,CNY,Dafabet,Player,qats1rmbpm10@dafamember.com,China,defaultmq,17,2017-06-07,"2017-06-20 10:31:25","2017-06-21 11:24:14",1,1483.41,2,741.71,161.56,2,0.00,0,0.00,0,0.00,0,0.00,0,0.00,0,0.00,0,0.00,0,0.00,0.00,0.00,0,0.00,0.00,0,0.00,0.00,0.00,0.00,0,0.00,,,1321.86,0.00,0.00,161.56,0.00,0.00,0.00,0.00,0.00,0.00,0.00,0.00,,"Not frozen","Not frozen",,mannycasino,EN,mannycasino,0.00,0.00,0.00,0.00,0.00,0.00,0.00,0.00,0.00,0.00,0.00,0.00,0.00,0.00,0.00,0.00,0.00,0.00,0.00,0.00,0.00,0.00,0.00,0.00,0.00,0.00,0.00,0.00,0.00,0.00,0.00,0.00,0.00,0.00,0.00,0.00,0.00,0.00,0.00,0.00,0.00,0.00,0.00,0.00,0.00,0.00,0.00,0.00,,0,0.00,0.00,0.00,0.00,0.00,0.00,0.00,0.00,0.00,0.00,0.00,0.00,0.00,0.00,0.00,0.00,0.00,0.00,0.00,0.00,0.00,0.00,0.00,0.00,0.00,0.00,0.00,0.00,0.00,0.00,0.00,0.00,0.00,0.00,0.00,0.00,0.00
QATS1RMBPM14,CNY,Dafabet,Player,qats1rmbpm14@dafamember.com,China,defaultmq,16,2017-06-16,"2017-06-16 14:19:50","2017-06-16 15:20:50",1,14719.96,4,3679.99,4.27,22,0.00,0,0.00,0,0.00,0,0.00,0,0.00,0,0.00,0,0.00,0,0.00,0.00,0.00,0,0.00,0.00,0,0.00,0.00,0.00,0.00,0,0.00,,,14715.69,0.00,0.00,4.27,0.00,0.00,0.00,0.00,0.00,0.00,0.00,0.00,,"Not frozen","Not frozen",,mannycasino,EN,mannycasino,0.00,0.00,0.00,0.00,0.00,0.00,0.00,0.00,0.00,0.00,0.00,0.00,0.00,0.00,0.00,0.00,0.00,0.00,0.00,0.00,0.00,0.00,0.00,0.00,0.00,0.00,0.00,0.00,0.00,0.00,0.00,0.00,0.00,0.00,0.00,0.00,0.00,0.00,0.00,0.00,0.00,0.00,0.00,0.00,0.00,0.00,0.00,0.00,,0,0.00,0.00,0.00,0.00,0.00,0.00,0.00,0.00,0.00,0.00,0.00,0.00,0.00,0.00,0.00,0.00,0.00,0.00,0.00,0.00,0.00,0.00,0.00,0.00,0.00,0.00,0.00,0.00,0.00,0.00,0.00,0.00,0.00,0.00,0.00,0.00,0.00
QATS1USDPM02,USD,Dafabet,Player,qats1usdpm02@dafamember.com,China,defaultmq,16,2017-04-18,"2017-06-15 11:36:44","2017-06-15 11:36:44",1,10000.00,1,10000.00,0.00,0,0.00,0,0.00,0,0.00,0,0.00,0,0.00,0,0.00,0,0.00,0,0.00,0.00,0.00,0,0.00,0.00,0,0.00,0.00,0.00,0.00,0,0.00,,,10000.00,0.00,0.00,0.00,0.00,0.00,0.00,0.00,0.00,0.00,0.00,0.00,,"Not frozen","Not frozen",,mannycasino,EN,mannycasino,0.00,0.00,0.00,0.00,0.00,0.00,0.00,0.00,0.00,0.00,0.00,0.00,0.00,0.00,0.00,0.00,0.00,0.00,0.00,0.00,0.00,0.00,0.00,0.00,0.00,0.00,0.00,0.00,0.00,0.00,0.00,0.00,0.00,0.00,0.00,0.00,0.00,0.00,0.00,0.00,0.00,0.00,0.00,0.00,0.00,0.00,0.00,0.00,,0,0.00,0.00,0.00,0.00,0.00,0.00,0.00,0.00,0.00,0.00,0.00,0.00,0.00,0.00,0.00,0.00,0.00,0.00,0.00,0.00,0.00,0.00,0.00,0.00,0.00,0.00,0.00,0.00,0.00,0.00,0.00,0.00,0.00,0.00,0.00,0.00,0.00
QATS1USDPM04,USD,Dafabet,Player,qats1usdpm04@dafamember.com,China,defaultmq,16,2017-06-06,"2017-06-20 11:03:51","2017-06-20 11:11:20",1,425.00,2,212.50,15.00,1,0.00,0,0.00,0,0.00,0,0.00,0,0.00,0,0.00,0,0.00,0,0.00,0.00,0.00,0,0.00,0.00,0,0.00,0.00,0.00,0.00,0,0.00,,,410.00,0.00,0.00,15.00,0.00,0.00,0.00,0.00,0.00,0.00,0.00,0.00,,"Not frozen","Not frozen",,mannycasino,EN,mannycasino,0.00,0.00,0.00,0.00,0.00,0.00,0.00,0.00,0.00,0.00,0.00,0.00,0.00,0.00,0.00,0.00,0.00,0.00,0.00,0.00,0.00,0.00,0.00,0.00,0.00,0.00,0.00,0.00,0.00,0.00,0.00,0.00,0.00,0.00,0.00,0.00,0.00,0.00,0.00,0.00,0.00,0.00,0.00,0.00,0.00,0.00,0.00,0.00,,0,0.00,0.00,0.00,0.00,0.00,0.00,0.00,0.00,0.00,0.00,0.00,0.00,0.00,0.00,0.00,0.00,0.00,0.00,0.00,0.00,0.00,0.00,0.00,0.00,0.00,0.00,0.00,0.00,0.00,0.00,0.00,0.00,0.00,0.00,0.00,0.00,0.00
QAUATRMBAH046,CNY,Dafabet,Player,qauatrmbah046@dafamember.com,China,defaultmq,13,2017-06-05,"2017-06-05 16:08:05","2017-06-09 14:22:02",1,20.35,6,3.39,1.32,5,0.00,0,0.00,0,0.00,0,0.00,0,0.00,0,0.00,0,0.00,0,0.00,0.00,0.00,0,0.00,0.00,0,0.00,0.00,0.00,0.00,0,0.00,,,19.02,0.00,0.00,1.32,0.00,0.00,0.00,0.00,0.00,0.00,0.00,0.00,,"Not frozen","Not frozen",,mannycasino,EN,mannycasino,0.00,0.00,0.00,0.00,0.00,0.00,0.00,0.00,0.00,0.00,0.00,0.00,0.00,0.00,0.00,0.00,0.00,0.00,0.00,0.00,0.00,0.00,0.00,0.00,0.00,0.00,0.00,0.00,0.00,0.00,0.00,0.00,0.00,0.00,0.00,0.00,0.00,0.00,0.00,0.00,0.00,0.00,0.00,0.00,0.00,0.00,0.00,0.00,,0,0.00,0.00,0.00,0.00,0.00,0.00,0.00,0.00,0.00,0.00,0.00,0.00,0.00,0.00,0.00,0.00,0.00,0.00,0.00,0.00,0.00,0.00,0.00,0.00,0.00,0.00,0.00,0.00,0.00,0.00,0.00,0.00,0.00,0.00,0.00,0.00,0.00
QAUATRMBLAX01,CNY,Dafabet,Player,qauatrmblax01@dafamember.com,China,defaultmq,16,2017-03-27,"2017-06-01 17:32:03","2017-06-01 17:32:03",1,21.88,1,21.88,0.00,0,0.00,0,0.00,0,0.00,0,0.00,0,0.00,0,0.00,0,0.00,0,0.00,0.00,0.00,0,0.00,0.00,0,0.00,0.00,3.65,0.00,2,3.65,,,18.23,0.00,0.00,0.00,0.00,0.00,0.00,0.00,0.00,0.00,0.00,0.00,,"Not frozen","Not frozen",,mannycasino,EN,mannycasino,0.00,0.00,0.00,0.00,0.00,0.00,0.00,0.00,0.00,0.00,0.00,0.00,0.00,0.00,0.00,0.00,0.00,3.65,0.00,0.00,0.00,0.00,0.00,0.00,0.00,0.00,0.00,0.00,0.00,0.00,0.00,0.00,0.00,0.00,0.00,0.00,0.00,0.00,0.00,0.00,0.00,0.00,0.00,0.00,0.00,0.00,0.00,0.00,,0,0.00,0.00,0.00,0.00,0.00,0.00,0.00,0.00,0.00,0.00,0.00,0.00,0.00,0.00,0.00,0.00,0.00,0.00,0.00,0.00,0.00,0.00,0.00,0.00,0.00,0.00,0.00,0.00,0.00,0.00,0.00,0.00,0.00,0.00,0.00,0.00,0.00
QAUATRMBLAX06,CNY,Dafabet,Player,qauatrmblax06@dafamember.com,China,defaultmq,18,2017-06-07,"2017-06-07 14:43:04","2017-06-07 14:43:04",1,88.22,1,88.22,29.41,2,0.00,0,0.00,0,0.00,0,0.00,0,0.00,0,0.00,0,0.00,0,0.00,0.00,0.00,0,0.00,0.00,0,0.00,0.00,0.00,0.00,0,0.00,,,58.82,0.00,0.00,29.41,0.00,0.00,0.00,0.00,0.00,0.00,0.00,0.00,,"Not frozen","Not frozen",,mannycasino,EN,mannycasino,0.00,0.00,0.00,0.00,0.00,0.00,0.00,0.00,0.00,0.00,0.00,0.00,0.00,0.00,0.00,0.00,0.00,0.00,0.00,0.00,0.00,0.00,0.00,0.00,0.00,0.00,0.00,0.00,0.00,0.00,0.00,0.00,0.00,0.00,0.00,0.00,0.00,0.00,0.00,0.00,0.00,0.00,0.00,0.00,0.00,0.00,0.00,0.00,,0,0.00,0.00,0.00,0.00,0.00,0.00,0.00,0.00,0.00,0.00,0.00,0.00,0.00,0.00,0.00,0.00,0.00,0.00,0.00,0.00,0.00,0.00,0.00,0.00,0.00,0.00,0.00,0.00,0.00,0.00,0.00,0.00,0.00,0.00,0.00,0.00,0.00
QAUATRMBRA016,CNY,Dafabet,Player,qauatrmbra016@dafamember.com,China,defaultmq,16,2017-06-02,"2017-06-12 12:22:03","2017-06-12 12:22:03",1,147.10,1,147.10,14.71,1,0.00,0,0.00,0,0.00,0,0.00,0,0.00,0,0.00,0,0.00,0,0.00,0.00,0.00,0,0.00,0.00,0,0.00,0.00,0.00,0.00,0,0.00,,,132.39,0.00,0.00,14.71,0.00,0.00,0.00,0.00,0.00,0.00,0.00,0.00,,"Not frozen","Not frozen",,mannycasino,EN,mannycasino,0.00,0.00,0.00,0.00,0.00,0.00,0.00,0.00,0.00,0.00,0.00,0.00,0.00,0.00,0.00,0.00,0.00,0.00,0.00,0.00,0.00,0.00,0.00,0.00,0.00,0.00,0.00,0.00,0.00,0.00,0.00,0.00,0.00,0.00,0.00,0.00,0.00,0.00,0.00,0.00,0.00,0.00,0.00,0.00,0.00,0.00,0.00,0.00,,0,0.00,0.00,0.00,0.00,0.00,0.00,0.00,0.00,0.00,0.00,0.00,0.00,0.00,0.00,0.00,0.00,0.00,0.00,0.00,0.00,0.00,0.00,0.00,0.00,0.00,0.00,0.00,0.00,0.00,0.00,0.00,0.00,0.00,0.00,0.00,0.00,0.00
QAUATTHBAH004,THB,Dafabet,Player,qauatthbah004@dafamember.com,Thailand,defaultmq,16,2017-06-05,"2017-06-08 18:49:23","2017-06-08 18:49:23",1,2.95,1,2.95,2.95,1,0.00,0,0.00,0,0.00,0,0.00,0,0.00,0,0.00,0,0.00,0,0.00,0.00,0.00,0,0.00,0.00,0,0.00,0.00,0.00,0.00,0,0.00,,,0.00,0.00,0.00,2.95,0.00,0.00,0.00,0.00,0.00,0.00,0.00,0.00,,"Not frozen","Not frozen",,mannycasino,EN,mannycasino,0.00,0.00,0.00,0.00,0.00,0.00,0.00,0.00,0.00,0.00,0.00,0.00,0.00,0.00,0.00,0.00,0.00,0.00,0.00,0.00,0.00,0.00,0.00,0.00,0.00,0.00,0.00,0.00,0.00,0.00,0.00,0.00,0.00,0.00,0.00,0.00,0.00,0.00,0.00,0.00,0.00,0.00,0.00,0.00,0.00,0.00,0.00,0.00,,0,0.00,0.00,0.00,0.00,0.00,0.00,0.00,0.00,0.00,0.00,0.00,0.00,0.00,0.00,0.00,0.00,0.00,0.00,0.00,0.00,0.00,0.00,0.00,0.00,0.00,0.00,0.00,0.00,0.00,0.00,0.00,0.00,0.00,0.00,0.00,0.00,0.00
QAUATTHBED23,THB,Dafabet,Player,qauatthbed23@dafamember.com,Japan,defaultmq,16,2017-06-05,"2017-06-05 15:10:05","2017-06-06 15:35:42",1,55.25,2,27.63,0.00,0,0.00,0,0.00,0,0.00,0,0.00,0,0.00,0,0.00,0,0.00,0,0.00,0.00,0.00,0,0.00,0.00,0,0.00,0.00,0.00,0.00,0,0.00,,,55.25,0.00,0.00,0.00,0.00,0.00,0.00,0.00,0.00,0.00,0.00,0.00,,"Not frozen","Not frozen",,mannycasino,EN,mannycasino,0.00,0.00,0.00,0.00,0.00,0.00,0.00,0.00,0.00,0.00,0.00,0.00,0.00,0.00,0.00,0.00,0.00,0.00,0.00,0.00,0.00,0.00,0.00,0.00,0.00,0.00,0.00,0.00,0.00,0.00,0.00,0.00,0.00,0.00,0.00,0.00,0.00,0.00,0.00,0.00,0.00,0.00,0.00,0.00,0.00,0.00,0.00,0.00,,0,0.00,0.00,0.00,0.00,0.00,0.00,0.00,0.00,0.00,0.00,0.00,0.00,0.00,0.00,0.00,0.00,0.00,0.00,0.00,0.00,0.00,0.00,0.00,0.00,0.00,0.00,0.00,0.00,0.00,0.00,0.00,0.00,0.00,0.00,0.00,0.00,0.00
STGAL01,CNY,Dafabet,Player,stgal01@dafamember.com,"South Korea",defaultmq,18,2017-06-09,"2017-06-09 11:51:04","2017-06-09 11:51:04",1,76.54,1,76.54,0.00,0,0.00,0,0.00,0,0.00,0,0.00,0,0.00,0,0.00,0,0.00,0,0.00,0.00,0.00,0,0.00,0.00,0,0.00,0.00,0.00,0.00,0,0.00,,,76.54,0.00,0.00,0.00,0.00,0.00,0.00,0.00,0.00,0.00,0.00,0.00,,"Not frozen","Not frozen",,mannycasino,EN,mannycasino,0.00,0.00,0.00,0.00,0.00,0.00,0.00,0.00,0.00,0.00,0.00,0.00,0.00,0.00,0.00,0.00,0.00,0.00,0.00,0.00,0.00,0.00,0.00,0.00,0.00,0.00,0.00,0.00,0.00,0.00,0.00,0.00,0.00,0.00,0.00,0.00,0.00,0.00,0.00,0.00,0.00,0.00,0.00,0.00,0.00,0.00,0.00,0.00,,0,0.00,0.00,0.00,0.00,0.00,0.00,0.00,0.00,0.00,0.00,0.00,0.00,0.00,0.00,0.00,0.00,0.00,0.00,0.00,0.00,0.00,0.00,0.00,0.00,0.00,0.00,0.00,0.00,0.00,0.00,0.00,0.00,0.00,0.00,0.00,0.00,0.00
TCTLDREG,CNY,Dafabet,Player,tctldreg@dafamember.com,China,defaultmq,13,2017-04-21,"2017-05-31 18:51:29","2017-05-31 18:51:29",1,0.00,0,189.57,0.00,0,0.00,0,0.00,0,0.00,0,0.00,0,0.00,0,0.00,0,0.00,0,0.00,0.00,0.00,0,0.00,0.00,0,0.00,0.00,2.92,0.00,1,2.92,,,-2.92,0.00,0.00,0.00,0.00,0.00,0.00,0.00,0.00,0.00,0.00,0.00,,"Not frozen","Not frozen",,mannycasino,EN,mannycasino,0.00,0.00,0.00,0.00,0.00,0.00,0.00,0.00,0.00,0.00,0.00,0.00,0.00,0.00,0.00,0.00,0.00,2.92,0.00,0.00,0.00,0.00,0.00,0.00,0.00,0.00,0.00,0.00,0.00,0.00,0.00,0.00,0.00,0.00,0.00,0.00,0.00,0.00,0.00,0.00,0.00,0.00,0.00,0.00,0.00,0.00,0.00,0.00,,0,0.00,0.00,0.00,0.00,0.00,0.00,0.00,0.00,0.00,0.00,0.00,0.00,0.00,0.00,0.00,0.00,0.00,0.00,0.00,0.00,0.00,0.00,0.00,0.00,0.00,0.00,0.00,0.00,0.00,0.00,0.00,0.00,0.00,0.00,0.00,0.00,0.00
TCTPL004,CNY,Dafabet,Player,tctpl004@dafamember.com,China,defaultmq,16,2017-05-09,"2017-06-02 20:53:31","2017-06-02 20:53:31",1,2929.20,1,2929.20,439.38,2,0.00,0,0.00,0,0.00,0,0.00,0,0.00,0,0.00,0,0.00,0,0.00,0.00,0.00,0,0.00,0.00,0,0.00,0.00,0.00,0.00,0,0.00,,,2489.82,0.00,0.00,439.38,0.00,0.00,0.00,0.00,0.00,0.00,0.00,0.00,,"Not frozen","Not frozen",,mannycasino,ZH-CN,mannycasino,0.00,0.00,0.00,0.00,0.00,0.00,0.00,0.00,0.00,0.00,0.00,0.00,0.00,0.00,0.00,0.00,0.00,0.00,0.00,0.00,0.00,0.00,0.00,0.00,0.00,0.00,0.00,0.00,0.00,0.00,0.00,0.00,0.00,0.00,0.00,0.00,0.00,0.00,0.00,0.00,0.00,0.00,0.00,0.00,0.00,0.00,0.00,0.00,,0,0.00,0.00,0.00,0.00,0.00,0.00,0.00,0.00,0.00,0.00,0.00,0.00,0.00,0.00,0.00,0.00,0.00,0.00,0.00,0.00,0.00,0.00,0.00,0.00,0.00,0.00,0.00,0.00,0.00,0.00,0.00,0.00,0.00,0.00,0.00,0.00,0.00
TESTDEVRMB109,CNY,Dafabet,Player,testdevrmb109@dafamember.com,China,defaultmq,16,2017-06-14,"2017-06-14 14:51:57","2017-06-14 15:00:05",1,43.94,3,14.65,0.00,0,0.00,0,0.00,0,0.00,0,0.00,0,0.00,0,0.00,0,0.00,0,0.00,0.00,0.00,0,0.00,0.00,0,0.00,0.00,0.00,0.00,0,0.00,,,43.94,0.00,0.00,0.00,0.00,0.00,0.00,0.00,0.00,0.00,0.00,0.00,,"Not frozen","Not frozen",,mannycasino,ZH-CN,mannycasino,0.00,0.00,0.00,0.00,0.00,0.00,0.00,0.00,0.00,0.00,0.00,0.00,0.00,0.00,0.00,0.00,0.00,0.00,0.00,0.00,0.00,0.00,0.00,0.00,0.00,0.00,0.00,0.00,0.00,0.00,0.00,0.00,0.00,0.00,0.00,0.00,0.00,0.00,0.00,0.00,0.00,0.00,0.00,0.00,0.00,0.00,0.00,0.00,,0,0.00,0.00,0.00,0.00,0.00,0.00,0.00,0.00,0.00,0.00,0.00,0.00,0.00,0.00,0.00,0.00,0.00,0.00,0.00,0.00,0.00,0.00,0.00,0.00,0.00,0.00,0.00,0.00,0.00,0.00,0.00,0.00,0.00,0.00,0.00,0.00,0.00
TESTINGIARMB1,CNY,Dafabet,Player,testingiarmb1@dafamember.com,China,defaultmq,13,2017-01-26,"2017-02-01 09:05:49","2017-06-13 18:13:08",0,140.51,11,41.73,0.00,0,0.00,0,0.00,0,0.00,0,0.00,0,0.00,0,0.00,0,0.00,0,0.00,0.00,0.00,0,0.00,0.00,0,0.00,0.00,0.00,0.00,0,0.00,,,140.51,0.00,0.00,0.00,0.00,0.00,0.00,0.00,0.00,0.00,0.00,0.00,,"Not frozen","Not frozen",,mannycasino,EN,mannycasino,0.00,0.00,0.00,0.00,0.00,0.00,0.00,0.00,0.00,0.00,0.00,0.00,0.00,0.00,0.00,0.00,0.00,0.00,0.00,0.00,0.00,0.00,0.00,0.00,0.00,0.00,0.00,0.00,0.00,0.00,0.00,0.00,0.00,0.00,0.00,0.00,0.00,0.00,0.00,0.00,0.00,0.00,0.00,0.00,0.00,0.00,0.00,0.00,,0,0.00,0.00,0.00,0.00,0.00,0.00,0.00,0.00,0.00,0.00,0.00,0.00,0.00,0.00,0.00,0.00,0.00,0.00,0.00,0.00,0.00,0.00,0.00,0.00,0.00,0.00,0.00,0.00,0.00,0.00,0.00,0.00,0.00,0.00,0.00,0.00,0.00
TESTRDMTJ970,CNY,Dafabet,Player,testrdmtj970@dafamember.com,China,defaultmq,16,2017-06-02,"2017-06-05 17:10:13","2017-06-05 17:10:13",1,143.90,1,143.90,0.00,0,0.00,0,0.00,0,0.00,0,0.00,0,0.00,0,0.00,0,0.00,0,0.00,0.00,0.00,0,0.00,0.00,0,0.00,0.00,0.00,0.00,0,0.00,,,143.90,0.00,0.00,0.00,0.00,0.00,0.00,0.00,0.00,0.00,0.00,0.00,,"Not frozen","Not frozen",,mannycasino,EN,mannycasino,0.00,0.00,0.00,0.00,0.00,0.00,0.00,0.00,0.00,0.00,0.00,0.00,0.00,0.00,0.00,0.00,0.00,0.00,0.00,0.00,0.00,0.00,0.00,0.00,0.00,0.00,0.00,0.00,0.00,0.00,0.00,0.00,0.00,0.00,0.00,0.00,0.00,0.00,0.00,0.00,0.00,0.00,0.00,0.00,0.00,0.00,0.00,0.00,,0,0.00,0.00,0.00,0.00,0.00,0.00,0.00,0.00,0.00,0.00,0.00,0.00,0.00,0.00,0.00,0.00,0.00,0.00,0.00,0.00,0.00,0.00,0.00,0.00,0.00,0.00,0.00,0.00,0.00,0.00,0.00,0.00,0.00,0.00,0.00,0.00,0.00
TESTSTGEPEUR,EUR,Dafabet,Player,teststgepeur@dafamember.com,Japan,defaultmq,16,2017-06-06,"2017-06-11 12:39:05","2017-06-11 12:39:05",1,99.61,1,99.61,0.00,0,0.00,0,0.00,0,0.00,0,0.00,0,0.00,0,0.00,0,0.00,0,0.00,0.00,0.00,0,0.00,0.00,0,0.00,0.00,0.00,0.00,0,0.00,,,99.61,0.00,0.00,0.00,0.00,0.00,0.00,0.00,0.00,0.00,0.00,0.00,,"Not frozen","Not frozen",,mannycasino,EN,mannycasino,0.00,0.00,0.00,0.00,0.00,0.00,0.00,0.00,0.00,0.00,0.00,0.00,0.00,0.00,0.00,0.00,0.00,0.00,0.00,0.00,0.00,0.00,0.00,0.00,0.00,0.00,0.00,0.00,0.00,0.00,0.00,0.00,0.00,0.00,0.00,0.00,0.00,0.00,0.00,0.00,0.00,0.00,0.00,0.00,0.00,0.00,0.00,0.00,,0,0.00,0.00,0.00,0.00,0.00,0.00,0.00,0.00,0.00,0.00,0.00,0.00,0.00,0.00,0.00,0.00,0.00,0.00,0.00,0.00,0.00,0.00,0.00,0.00,0.00,0.00,0.00,0.00,0.00,0.00,0.00,0.00,0.00,0.00,0.00,0.00,0.00
TESTSTGEPGBP,GBP,Dafabet,Player,teststgepgbp@dafamember.com,Germany,defaultmq,16,2017-06-06,"2017-06-11 12:40:06","2017-06-11 12:40:06",1,99.38,1,99.38,0.00,0,0.00,0,0.00,0,0.00,0,0.00,0,0.00,0,0.00,0,0.00,0,0.00,0.00,0.00,0,0.00,0.00,0,0.00,0.00,0.00,0.00,0,0.00,,,99.38,0.00,0.00,0.00,0.00,0.00,0.00,0.00,0.00,0.00,0.00,0.00,,"Not frozen","Not frozen",,mannycasino,EN,mannycasino,0.00,0.00,0.00,0.00,0.00,0.00,0.00,0.00,0.00,0.00,0.00,0.00,0.00,0.00,0.00,0.00,0.00,0.00,0.00,0.00,0.00,0.00,0.00,0.00,0.00,0.00,0.00,0.00,0.00,0.00,0.00,0.00,0.00,0.00,0.00,0.00,0.00,0.00,0.00,0.00,0.00,0.00,0.00,0.00,0.00,0.00,0.00,0.00,,0,0.00,0.00,0.00,0.00,0.00,0.00,0.00,0.00,0.00,0.00,0.00,0.00,0.00,0.00,0.00,0.00,0.00,0.00,0.00,0.00,0.00,0.00,0.00,0.00,0.00,0.00,0.00,0.00,0.00,0.00,0.00,0.00,0.00,0.00,0.00,0.00,0.00
TESTSTGEPIDR,IDR,Dafabet,Player,teststgepidr@dafamember.com,Indonesia,defaultmq,16,2017-06-06,"2017-06-11 12:45:47","2017-06-11 12:45:47",1,100.20,1,100.20,0.00,0,0.00,0,0.00,0,0.00,0,0.00,0,0.00,0,0.00,0,0.00,0,0.00,0.00,0.00,0,0.00,0.00,0,0.00,0.00,0.00,0.00,0,0.00,,,100.20,0.00,0.00,0.00,0.00,0.00,0.00,0.00,0.00,0.00,0.00,0.00,,"Not frozen","Not frozen",,mannycasino,EN,mannycasino,0.00,0.00,0.00,0.00,0.00,0.00,0.00,0.00,0.00,0.00,0.00,0.00,0.00,0.00,0.00,0.00,0.00,0.00,0.00,0.00,0.00,0.00,0.00,0.00,0.00,0.00,0.00,0.00,0.00,0.00,0.00,0.00,0.00,0.00,0.00,0.00,0.00,0.00,0.00,0.00,0.00,0.00,0.00,0.00,0.00,0.00,0.00,0.00,,0,0.00,0.00,0.00,0.00,0.00,0.00,0.00,0.00,0.00,0.00,0.00,0.00,0.00,0.00,0.00,0.00,0.00,0.00,0.00,0.00,0.00,0.00,0.00,0.00,0.00,0.00,0.00,0.00,0.00,0.00,0.00,0.00,0.00,0.00,0.00,0.00,0.00
TESTSTGEPINR,INR,Dafabet,Player,teststgepinr@dafamember.com,India,defaultmq,16,2017-06-06,"2017-06-11 12:46:44","2017-06-11 12:46:44",1,100.25,1,100.25,0.00,0,0.00,0,0.00,0,0.00,0,0.00,0,0.00,0,0.00,0,0.00,0,0.00,0.00,0.00,0,0.00,0.00,0,0.00,0.00,0.00,0.00,0,0.00,,,100.25,0.00,0.00,0.00,0.00,0.00,0.00,0.00,0.00,0.00,0.00,0.00,,"Not frozen","Not frozen",,mannycasino,EN,mannycasino,0.00,0.00,0.00,0.00,0.00,0.00,0.00,0.00,0.00,0.00,0.00,0.00,0.00,0.00,0.00,0.00,0.00,0.00,0.00,0.00,0.00,0.00,0.00,0.00,0.00,0.00,0.00,0.00,0.00,0.00,0.00,0.00,0.00,0.00,0.00,0.00,0.00,0.00,0.00,0.00,0.00,0.00,0.00,0.00,0.00,0.00,0.00,0.00,,0,0.00,0.00,0.00,0.00,0.00,0.00,0.00,0.00,0.00,0.00,0.00,0.00,0.00,0.00,0.00,0.00,0.00,0.00,0.00,0.00,0.00,0.00,0.00,0.00,0.00,0.00,0.00,0.00,0.00,0.00,0.00,0.00,0.00,0.00,0.00,0.00,0.00
TESTSTGEPKRW,KRW,Dafabet,Player,teststgepkrw@dafamember.com,"South Korea",defaultmq,16,2017-06-06,"2017-06-11 12:47:46","2017-06-11 12:47:46",1,100.23,1,100.23,0.00,0,0.00,0,0.00,0,0.00,0,0.00,0,0.00,0,0.00,0,0.00,0,0.00,0.00,0.00,0,0.00,0.00,0,0.00,0.00,0.00,0.00,0,0.00,,,100.23,0.00,0.00,0.00,0.00,0.00,0.00,0.00,0.00,0.00,0.00,0.00,,"Not frozen","Not frozen",,mannycasino,EN,mannycasino,0.00,0.00,0.00,0.00,0.00,0.00,0.00,0.00,0.00,0.00,0.00,0.00,0.00,0.00,0.00,0.00,0.00,0.00,0.00,0.00,0.00,0.00,0.00,0.00,0.00,0.00,0.00,0.00,0.00,0.00,0.00,0.00,0.00,0.00,0.00,0.00,0.00,0.00,0.00,0.00,0.00,0.00,0.00,0.00,0.00,0.00,0.00,0.00,,0,0.00,0.00,0.00,0.00,0.00,0.00,0.00,0.00,0.00,0.00,0.00,0.00,0.00,0.00,0.00,0.00,0.00,0.00,0.00,0.00,0.00,0.00,0.00,0.00,0.00,0.00,0.00,0.00,0.00,0.00,0.00,0.00,0.00,0.00,0.00,0.00,0.00
TESTSTGEPMYR,MYR,Dafabet,Player,teststgepmyr@dafamember.com,Malaysia,defaultmq,16,2017-06-06,"2017-06-11 12:41:01","2017-06-11 12:41:01",1,99.94,1,99.94,0.00,0,0.00,0,0.00,0,0.00,0,0.00,0,0.00,0,0.00,0,0.00,0,0.00,0.00,0.00,0,0.00,0.00,0,0.00,0.00,0.00,0.00,0,0.00,,,99.94,0.00,0.00,0.00,0.00,0.00,0.00,0.00,0.00,0.00,0.00,0.00,,"Not frozen","Not frozen",,mannycasino,EN,mannycasino,0.00,0.00,0.00,0.00,0.00,0.00,0.00,0.00,0.00,0.00,0.00,0.00,0.00,0.00,0.00,0.00,0.00,0.00,0.00,0.00,0.00,0.00,0.00,0.00,0.00,0.00,0.00,0.00,0.00,0.00,0.00,0.00,0.00,0.00,0.00,0.00,0.00,0.00,0.00,0.00,0.00,0.00,0.00,0.00,0.00,0.00,0.00,0.00,,0,0.00,0.00,0.00,0.00,0.00,0.00,0.00,0.00,0.00,0.00,0.00,0.00,0.00,0.00,0.00,0.00,0.00,0.00,0.00,0.00,0.00,0.00,0.00,0.00,0.00,0.00,0.00,0.00,0.00,0.00,0.00,0.00,0.00,0.00,0.00,0.00,0.00
TESTSTGEPPLN,PLN,Dafabet,Player,teststgeppln@dafamember.com,Albania,defaultmq,16,2017-06-06,"2017-06-11 12:48:57","2017-06-11 12:48:57",1,99.60,1,99.60,0.00,0,0.00,0,0.00,0,0.00,0,0.00,0,0.00,0,0.00,0,0.00,0,0.00,0.00,0.00,0,0.00,0.00,0,0.00,0.00,0.00,0.00,0,0.00,,,99.60,0.00,0.00,0.00,0.00,0.00,0.00,0.00,0.00,0.00,0.00,0.00,,"Not frozen","Not frozen",,mannycasino,EN,mannycasino,0.00,0.00,0.00,0.00,0.00,0.00,0.00,0.00,0.00,0.00,0.00,0.00,0.00,0.00,0.00,0.00,0.00,0.00,0.00,0.00,0.00,0.00,0.00,0.00,0.00,0.00,0.00,0.00,0.00,0.00,0.00,0.00,0.00,0.00,0.00,0.00,0.00,0.00,0.00,0.00,0.00,0.00,0.00,0.00,0.00,0.00,0.00,0.00,,0,0.00,0.00,0.00,0.00,0.00,0.00,0.00,0.00,0.00,0.00,0.00,0.00,0.00,0.00,0.00,0.00,0.00,0.00,0.00,0.00,0.00,0.00,0.00,0.00,0.00,0.00,0.00,0.00,0.00,0.00,0.00,0.00,0.00,0.00,0.00,0.00,0.00
TESTSTGEPRMB,CNY,Dafabet,Player,teststgeprmb@dafamember.com,China,defaultmq,17,2017-06-06,"2017-06-11 12:35:27","2017-06-11 12:35:27",1,99.88,1,99.88,0.00,0,0.00,0,0.00,0,0.00,0,0.00,0,0.00,0,0.00,0,0.00,0,0.00,0.00,0.00,0,0.00,0.00,0,0.00,0.00,0.00,0.00,0,0.00,,,99.88,0.00,0.00,0.00,0.00,0.00,0.00,0.00,0.00,0.00,0.00,0.00,,"Not frozen","Not frozen",,mannycasino,EN,mannycasino,0.00,0.00,0.00,0.00,0.00,0.00,0.00,0.00,0.00,0.00,0.00,0.00,0.00,0.00,0.00,0.00,0.00,0.00,0.00,0.00,0.00,0.00,0.00,0.00,0.00,0.00,0.00,0.00,0.00,0.00,0.00,0.00,0.00,0.00,0.00,0.00,0.00,0.00,0.00,0.00,0.00,0.00,0.00,0.00,0.00,0.00,0.00,0.00,,0,0.00,0.00,0.00,0.00,0.00,0.00,0.00,0.00,0.00,0.00,0.00,0.00,0.00,0.00,0.00,0.00,0.00,0.00,0.00,0.00,0.00,0.00,0.00,0.00,0.00,0.00,0.00,0.00,0.00,0.00,0.00,0.00,0.00,0.00,0.00,0.00,0.00
TESTSTGEPRUB,RUB,Dafabet,Player,teststgeprub@dafamember.com,Russia,defaultmq,16,2017-06-06,"2017-06-11 12:29:26","2017-06-11 12:29:26",1,100.18,1,100.18,0.00,0,0.00,0,0.00,0,0.00,0,0.00,0,0.00,0,0.00,0,0.00,0,0.00,0.00,0.00,0,0.00,0.00,0,0.00,0.00,0.00,0.00,0,0.00,,,100.18,0.00,0.00,0.00,0.00,0.00,0.00,0.00,0.00,0.00,0.00,0.00,,"Not frozen","Not frozen",,mannycasino,EN,mannycasino,0.00,0.00,0.00,0.00,0.00,0.00,0.00,0.00,0.00,0.00,0.00,0.00,0.00,0.00,0.00,0.00,0.00,0.00,0.00,0.00,0.00,0.00,0.00,0.00,0.00,0.00,0.00,0.00,0.00,0.00,0.00,0.00,0.00,0.00,0.00,0.00,0.00,0.00,0.00,0.00,0.00,0.00,0.00,0.00,0.00,0.00,0.00,0.00,,0,0.00,0.00,0.00,0.00,0.00,0.00,0.00,0.00,0.00,0.00,0.00,0.00,0.00,0.00,0.00,0.00,0.00,0.00,0.00,0.00,0.00,0.00,0.00,0.00,0.00,0.00,0.00,0.00,0.00,0.00,0.00,0.00,0.00,0.00,0.00,0.00,0.00
TESTSTGEPTHB,THB,Dafabet,Player,teststgepthb@dafamember.com,Thailand,defaultmq,17,2017-06-06,"2017-06-11 12:42:23","2017-06-11 12:42:23",1,99.98,1,99.98,0.00,0,0.00,0,0.00,0,0.00,0,0.00,0,0.00,0,0.00,0,0.00,0,0.00,0.00,0.00,0,0.00,0.00,0,0.00,0.00,0.00,0.00,0,0.00,,,99.98,0.00,0.00,0.00,0.00,0.00,0.00,0.00,0.00,0.00,0.00,0.00,,"Not frozen","Not frozen",,mannycasino,EN,mannycasino,0.00,0.00,0.00,0.00,0.00,0.00,0.00,0.00,0.00,0.00,0.00,0.00,0.00,0.00,0.00,0.00,0.00,0.00,0.00,0.00,0.00,0.00,0.00,0.00,0.00,0.00,0.00,0.00,0.00,0.00,0.00,0.00,0.00,0.00,0.00,0.00,0.00,0.00,0.00,0.00,0.00,0.00,0.00,0.00,0.00,0.00,0.00,0.00,,0,0.00,0.00,0.00,0.00,0.00,0.00,0.00,0.00,0.00,0.00,0.00,0.00,0.00,0.00,0.00,0.00,0.00,0.00,0.00,0.00,0.00,0.00,0.00,0.00,0.00,0.00,0.00,0.00,0.00,0.00,0.00,0.00,0.00,0.00,0.00,0.00,0.00
TESTSTGEPUSD,USD,Dafabet,Player,teststgepusd@dafamember.com,Japan,defaultmq,17,2017-06-06,"2017-06-11 12:36:37","2017-06-11 12:36:37",1,100.00,1,100.00,0.00,0,0.00,0,0.00,0,0.00,0,0.00,0,0.00,0,0.00,0,0.00,0,0.00,0.00,0.00,0,0.00,0.00,0,0.00,0.00,0.00,0.00,0,0.00,,,100.00,0.00,0.00,0.00,0.00,0.00,0.00,0.00,0.00,0.00,0.00,0.00,,"Not frozen","Not frozen",,mannycasino,EN,mannycasino,0.00,0.00,0.00,0.00,0.00,0.00,0.00,0.00,0.00,0.00,0.00,0.00,0.00,0.00,0.00,0.00,0.00,0.00,0.00,0.00,0.00,0.00,0.00,0.00,0.00,0.00,0.00,0.00,0.00,0.00,0.00,0.00,0.00,0.00,0.00,0.00,0.00,0.00,0.00,0.00,0.00,0.00,0.00,0.00,0.00,0.00,0.00,0.00,,0,0.00,0.00,0.00,0.00,0.00,0.00,0.00,0.00,0.00,0.00,0.00,0.00,0.00,0.00,0.00,0.00,0.00,0.00,0.00,0.00,0.00,0.00,0.00,0.00,0.00,0.00,0.00,0.00,0.00,0.00,0.00,0.00,0.00,0.00,0.00,0.00,0.00
TESTSTGEPVND,VND,Dafabet,Player,teststgepvnd@dafamember.com,Vietnam,defaultmq,16,2017-06-06,"2017-06-11 12:44:14","2017-06-11 12:44:14",1,100.96,1,100.96,0.00,0,0.00,0,0.00,0,0.00,0,0.00,0,0.00,0,0.00,0,0.00,0,0.00,0.00,0.00,0,0.00,0.00,0,0.00,0.00,0.00,0.00,0,0.00,,,100.96,0.00,0.00,0.00,0.00,0.00,0.00,0.00,0.00,0.00,0.00,0.00,,"Not frozen","Not frozen",,mannycasino,EN,mannycasino,0.00,0.00,0.00,0.00,0.00,0.00,0.00,0.00,0.00,0.00,0.00,0.00,0.00,0.00,0.00,0.00,0.00,0.00,0.00,0.00,0.00,0.00,0.00,0.00,0.00,0.00,0.00,0.00,0.00,0.00,0.00,0.00,0.00,0.00,0.00,0.00,0.00,0.00,0.00,0.00,0.00,0.00,0.00,0.00,0.00,0.00,0.00,0.00,,0,0.00,0.00,0.00,0.00,0.00,0.00,0.00,0.00,0.00,0.00,0.00,0.00,0.00,0.00,0.00,0.00,0.00,0.00,0.00,0.00,0.00,0.00,0.00,0.00,0.00,0.00,0.00,0.00,0.00,0.00,0.00,0.00,0.00,0.00,0.00,0.00,0.00
UATRMBRA015,CNY,Dafabet,Player,uatrmbra015@dafamember.com,China,defaultmq,18,2017-03-02,"2017-05-26 15:30:05","2017-05-26 15:41:03",1,0.00,0,2176.97,388.66,5,0.00,0,0.00,0,0.00,0,0.00,0,0.00,0,0.00,0,0.00,0,0.00,0.00,0.00,0,0.00,0.00,0,0.00,0.00,0.00,0.00,0,0.00,,,-388.66,0.00,0.00,388.66,0.00,0.00,0.00,0.00,0.00,0.00,0.00,0.00,,"Not frozen","Not frozen",,mannycasino,EN,mannycasino,0.00,0.00,0.00,0.00,0.00,0.00,0.00,0.00,0.00,0.00,0.00,0.00,0.00,0.00,0.00,0.00,0.00,0.00,0.00,0.00,0.00,0.00,0.00,0.00,0.00,0.00,0.00,0.00,0.00,0.00,0.00,0.00,0.00,0.00,0.00,0.00,0.00,0.00,0.00,0.00,0.00,0.00,0.00,0.00,0.00,0.00,0.00,0.00,,0,0.00,0.00,0.00,0.00,0.00,0.00,0.00,0.00,0.00,0.00,0.00,0.00,0.00,0.00,0.00,0.00,0.00,0.00,0.00,0.00,0.00,0.00,0.00,0.00,0.00,0.00,0.00,0.00,0.00,0.00,0.00,0.00,0.00,0.00,0.00,0.00,0.00
ZDTSTG01,CNY,Dafabet,Player,zdtstg01@dafamember.com,China,defaultmq,17,2017-06-07,"2017-06-07 20:36:06","2017-06-07 20:36:06",1,735.21,1,735.21,73.52,1,0.00,0,0.00,0,0.00,0,0.00,0,0.00,0,0.00,0,0.00,0,0.00,0.00,0.00,0,0.00,0.00,0,0.00,0.00,0.00,0.00,0,0.00,,,661.69,0.00,0.00,73.52,0.00,0.00,0.00,0.00,0.00,0.00,0.00,0.00,,"Not frozen","Not frozen",,mannycasino,EN,mannycasino,0.00,0.00,0.00,0.00,0.00,0.00,0.00,0.00,0.00,0.00,0.00,0.00,0.00,0.00,0.00,0.00,0.00,0.00,0.00,0.00,0.00,0.00,0.00,0.00,0.00,0.00,0.00,0.00,0.00,0.00,0.00,0.00,0.00,0.00,0.00,0.00,0.00,0.00,0.00,0.00,0.00,0.00,0.00,0.00,0.00,0.00,0.00,0.00,,0,0.00,0.00,0.00,0.00,0.00,0.00,0.00,0.00,0.00,0.00,0.00,0.00,0.00,0.00,0.00,0.00,0.00,0.00,0.00,0.00,0.00,0.00,0.00,0.00,0.00,0.00,0.00,0.00,0.00,0.00,0.00,0.00,0.00,0.00,0.00,0.00,0.00
"Total BC (USD)",-,-,-,-,-,-,-,-,-,-,,1382206.23,388,870383.63,6148.15,455,0.00,0,0.00,0,0.00,0,0.00,0,0.00,0,0.00,0,234.24,10,41.11,0.00,0.00,0,0.00,0.00,0,0.00,0.00,80.29,98.15,17,-58.98,,,1376117.06,192.31,0.00,6148.15,0.00,0.00,0.81,0.00,0.00,0.00,0.00,0.00,-,-,-,-,-,-,-,0.00,0.00,0.00,0.00,0.00,0.00,0.00,0.00,0.00,0.00,0.00,0.00,0.00,0.00,0.00,0.00,0.00,-58.98,0.00,0.00,0.00,0.00,0.00,0.00,0.00,0.00,0.00,0.00,0.00,0.00,0.00,0.00,0.00,0.00,0.00,0.00,0.00,0.00,0.00,0.00,0.00,0.00,0.00,0.00,0.00,0.00,0.00,0.00,-,0,0.00,0.00,0.00,0.00,0.00,0.00,0.00,0.00,0.00,0.00,0.00,0.00,0.00,0.00,0.00,0.00,0.00,0.00,0.00,0.00,0.00,0.00,0.00,0.00,0.00,0.00,0.00,0.00,0.00,0.00,0.00,0.00,0.00,0.00,0.00,0.00,0.00
